:020000040800F2
:10000000D0520020B5030008BF5B00080958000863
:10001000BD5B0008192200081368000800000000FA
:10002000000000000000000000000000D5020008F1
:10003000572200080000000031030008616000083A
:10004000CF030008CF030008CF030008CF03000848
:10005000CF030008CF030008CF030008CF03000838
:10006000CF030008CF030008CF0300081B220008BD
:10007000CF030008CF030008CF030008CF03000818
:10008000CF030008CF030008771F0008CF03000844
:10009000CF030008CF030008CF030008CF030008F8
:1000A000CF030008CF030008CF0300089D600008BD
:1000B000AB600008B9600008CF030008CF03000858
:1000C000CF030008CF030008CF030008CF030008C8
:1000D000CF03000805680008CF030008CF0300081D
:1000E000CF030008CF030008CF030008CF030008A8
:1000F000CF030008CF030008CF030008CF03000898
:10010000CF030008CF030008CF030008CF03000887
:10011000CF030008CF030008CF030008CF03000877
:10012000CF030008CF030008CF030008CF03000867
:10013000CF030008CF030008CF030008CF03000857
:10014000CF030008CF030008CF030008CF03000847
:10015000CF030008CF030008CF030008CF03000837
:10016000CF030008CF030008CF030008CF03000827
:10017000CF030008CF030008CF03000800000000F1
:10018000CF030008CF03000800F002F800F092F857
:100190000AA090E8000C82448344AAF10107DA45E2
:1001A00001D100F087F8AFF2090EBAE80F0013F0A2
:1001B000010F18BFFB1A43F001031847449B0000CE
:1001C000649B0000103A24BF78C878C1FAD852075F
:1001D00024BF30C830C144BF04680C6070470000C1
:1001E0000023002400250026103A28BF78C1FBD840
:1001F000520728BF30C148BF0B6070476E2900F01E
:10020000E483702900F04985662909F02484652972
:1002100009F02184672909F01E84612909F01D84F1
:1002200003681B0A28BF41F08001692900F0E881BA
:10023000642900F0E581752900F0E2816F2900F062
:10024000D684782900F01585E92900F07184E42925
:1002500000F06E84F52900F06B84EF2900F0D38460
:10026000F82900F014850368DB0928BF41F08001FC
:10027000632900F0EE83732900F0F383E32901F092
:100280004E81F32901F05381002070471FB509F01A
:10029000DDFB01F09DF904000020002109F0C0FB06
:1002A000401C60600020002109F0A4FBE0601FBD3D
:1002B00010B510BD01F05FF91146FFF7E7FF08F038
:1002C000F1F801F03BFA03B4FFF7F2FF03BC01F0D1
:1002D00083FA00002C4B1968086800F05AB880F3C4
:1002E0000988BFF36F8F4FF0000080F311887047CB
:1002F0000000000008480068006880F308884FF09C
:10030000000080F3148862B661B6BFF34F8FBFF36D
:100310006F8F00DF00BF00BF08ED00E0DFF80C00CA
:10032000016841F470010160704700BF88ED00E092
:10033000EFF30980BFF36F8F134B1A681EF0100F95
:1003400008BF20ED108A20E9F04F106009B44FF08B
:10035000500080F31188BFF34F8FBFF36F8F09F008
:1003600067F94FF0000080F3118809BC196808682C
:1003700000F014B81EF0100F08BF00F014B880F39E
:100380000988BFF36F8F704710000020EFF30580DE
:10039000704730C8B0E8C04FFFF7A1BF30C8B0E821
:1003A000C04FFFF7E7BFB0EC088AB0EC08CAFFF710
:1003B000E6BF00000948804709480047FEE7FEE71E
:1003C000FEE7FEE7FEE7FEE7FEE7FEE7FEE7FEE705
:1003D00004480549054A064B704700008D60000837
:1003E00089010008D04C0020D0520020D04E0020BF
:1003F000D04E002053EA020C00F069802DE9F04B4A
:100400004FF00006002B1FBFB3FA83F503FA05F483
:1004100024FA05F65E4012BF1643B2FA82F502FADC
:1004200005F4C5F120051EBF22FA05FC44EA0C04C0
:10043000203556EA044C4FEA144418BF641C4FF0B0
:1004400000084FF00009904271EB030C39D30029EA
:1004500019BFB1FA81F701FA07F6B0FA80F700FA8E
:1004600007F6C7F120071EBF20FA07FC46EA0C0674
:100470002037B6FBF4FCA7EB0507103F07F01F0B76
:10048000CBF120060CFA0BFB2CFA06F644BFB34660
:100490000026202FA4BF5E464FF0000B5BEA060C3F
:1004A00008BF4FF0010B19EB0B09ABFB027C48EBCB
:1004B0000608C01B06FB02CC0BFB03CC71EB0C0146
:1004C000C1E70B46024641464846BDE8F08B13B5EE
:1004D0004FF000004FF00001AFF30080BDE81C407A
:1004E000704710B54C1084EA530404D54042C1F162
:1004F000000138BF491E1B4204D55242C3F100031C
:1005000038BF5B1EFFF776FF14F0804F04D04042E7
:10051000C1F1000138BF491E14F0004F04D052420F
:10052000C3F1000338BF5B1E10BD00007CB51D4643
:1005300016460C00009001D02044401E074B7B441F
:100540002A4669460190304600F059FA05461CB12A
:100550000020694600F066FA28467CBDED040000E4
:1005600070B5044685690068C10601D5302600E0F3
:100570002026C00707D070BDD4E90121304690473E
:10058000206A401C20626D1EF6D570BD70B5044611
:1005900085690078C00707D170BDD4E9012120200A
:1005A0009047206A401C20626D1EF6D570BD70B564
:1005B0000C460546012A05D02878800600D5EA6950
:1005C000002302E0012305E05B1C934202D2E05CC1
:1005D0000028F9D1A869E618C01AA861286A184449
:1005E00028622846FFF7BCFF04E0D5E9012114F892
:1005F000010B9047B442F8D32846FFF7C7FF70BD00
:100600002DE9F0410646002410687529314616A5EB
:1006100010D000F06FF9002802DA404213A507E07D
:1006200031688A0701D512A502E0490704D511A552
:10063000012401E000F067F900210A2206F12407F5
:1006400009E0B0FBF2FCB0FBF2F302FB1C0030301F
:1006500078541846491C0028F3D123462A463046D0
:10066000BDE8F04100F058B9000000002D00000086
:100670002B000000200000002DE9F05F89460446B1
:100680004FF0000ADFF874B1FB44C0F820A0204608
:10069000E1688847002874D0252806D0D4E90121D4
:1006A0009047206A401C2062F1E700265F46204602
:1006B000E16888472028054607DB312D05D27819E7
:1006C00010F8200C08B10643F1E7B00701D526F079
:1006D0000406C4F81CA00027C4F818A02A2D09D0CD
:1006E000284606F001FA38B304EB8708303DC8F815
:1006F000185019E059F8041B204604EB8702916159
:10070000E1688847012F054618D1E069002820DA02
:1007100026F020061DE0D8F8180000EB800005EB5D
:1007200040003038C8F818002046E1688847054680
:1007300006F0DAF90028EED1012F0AD02E2D08D1CB
:100740002046E16888477F1C0546022F46F02006B8
:10075000C4DBA069002803DA404246F00106A0612C
:10076000F00701D026F010066C2D0BD0682D09D0B3
:100770004C2D39D06A2D35D0742D35D07A2D33D00B
:1007800016E038E0E1682F4620468847B842054623
:1007900009D16C2F26D04FF48060E16806432046D3
:1007A0008847054604E06C2F1AD04FF4807006434A
:1007B0000DB3A5F14100192802D8203546F4006692
:1007C0004A462946204626604E46FFF717FD80B16F
:1007D00001280BD0F61D26F0070000F1080956E7A6
:1007E0004020E4E78020D8E70020D6E706F104099E
:1007F0004DE7284652E7206A00F002B82095000035
:1008000030BCBDE8C09F032A40F2308010F0030CDA
:1008100000F0158011F8013BBCF1020F624498BF53
:1008200011F801CB00F8013B38BF11F8013BA2F1F0
:10083000040298BF00F801CB38BF00F8013B11F06B
:10084000030300F03582083AC0F0088051F8043BF9
:10085000083A51F804CBA0E80810F5E7121D5CBF78
:1008600051F8043B40F8043BAFF30080D20724BFAB
:1008700011F8013B11F801CB48BF11F8012B24BF3F
:1008800000F8013B00F801CB48BF00F8012B70478E
:1008900002F0FF0343EA032242EA024200F03CBABC
:1008A0004FF0000200B5134694469646203922BF09
:1008B000A0E80C50A0E80C50B1F12001BFF4F7AF54
:1008C000090728BFA0E80C5048BF0CC05DF804EB36
:1008D000890028BF40F8042B08BF704748BF20F8A4
:1008E000022B11F0804F18BF00F8012B70477047A2
:1008F0007047704709684A0501D540B27047C9057D
:10090000FCD500B2704709684A0501D5C0B27047EE
:10091000C905FCD580B270472DE9F0470D469946D0
:100920009246044600F124080168880604D5E0696F
:1009300021F01001216000E00120A84201DD471BE9
:1009400000E00027A1697A1902EB0900081AA061EA
:100950002078C00602D42046FFF702FE002608E0F9
:10096000D4E901211AF806009047206A401C761C41
:1009700020624E45F4DB2078C0060AD52046FFF7FA
:10098000EFFD06E0D4E9012130209047206A401CA9
:100990002062381EA7F10107F4DC07E0D4E9012149
:1009A00018F805009047206A401C2062281EA5F117
:1009B0000105F3DC2046FFF7E9FD2078000602D5AB
:1009C0000220BDE8F0870120FBE711680268006A99
:1009D000530501D508700AE0D30501D5088006E06B
:1009E000130603D5C217C1E9000200E00860012028
:1009F0007047000001694A1C02610878704700B521
:100A00008FB0CDE901310021059105497944CDE947
:100A1000031011466846FFF72FFE0FB000BD00001F
:100A2000E5FFFFFF0A6802F8010B0A607047D1E991
:100A300000239A4202D2531C0B601070704710B50D
:100A4000436913B1AFF3008001E0FFF7B0FD01206F
:100A500010BD127800F124010A7000224A700122B0
:100A6000EDE711684FF0FF32E9E700002DE9FF5F85
:100A700015468A460446DFF8AC80F8440027D8E9DA
:100A800000103E46CDE9001010E03AF816106A4614
:100A900002A800F050FD411C07D02178890603D53B
:100AA000E269391891420DD80744761C20788006F7
:100AB00002D5E069B84205DDAE42E6DB3AF8160041
:100AC0000028E2D1A069C01BA0612046FFF748FDC5
:100AD000D8E90010CDE90010002017E03AF818100E
:100AE0006A4602A800F027FDB0F1FF3F81460BD017
:100AF00000250DF1080B05E0D4E901211BF80500E4
:100B000090476D1C4D45F7D308F10100B042804677
:100B1000E4DB206A384420622046FFF737FD00F00E
:100B200003B80000429100003FBCBDE8C09F000038
:100B30002DE9F0418046D21D22F007020025D2E9BE
:100B40000002F52915A614D0011E72F1000106DA83
:100B50000023D0EB030063EB020211A608E0D8F8F3
:100B600000108B0701D50FA602E0490701D50EA69C
:100B700001251146002408F1240704E000F0ECF8F8
:100B800030323A55641C50EA0102F7D12B46324606
:100B900021464046BDE8F041FFF7BEBE0000000020
:100BA0002D0000002B0000002000000030B40021C8
:100BB00000F1240408E002F00705D208303542EACB
:100BC0004372DB086554491C52EA0305F3D10468FB
:100BD000002310A2250707D5A40600D421B1C469BB
:100BE00001230DA2641EC46130BCFFF795BE10B591
:100BF000044621461068FFF786FE02462046BDE8FF
:100C000010400023D2E7D21D22F00701D1E90023D2
:100C1000CCE700000000000030000000F0B40D46FA
:100C20000188090502D5214C7C4402E01F4C7C441C
:100C30000E34002100F1240608E002F00F0712092B
:100C4000E75D42EA03721B097754491C52EA030725
:100C5000F3D102780023120704D5702D06D009B114
:100C6000022311342246F0BCFFF756BE0123103494
:100C7000F8E770B504460D4621461068FFF743FEBD
:100C8000024629462046BDE870400023C6E7D21D33
:100C900022F00703D3E90023C0E70368126843F09A
:100CA000200303600823C3610023B7E79C8F000083
:100CB00010B5203AC0F00B80B1E81850203AA0E8F7
:100CC0001850B1E81850A0E81850BFF4F5AF5FEA2B
:100CD000027C24BFB1E81850A0E8185044BF18C9DE
:100CE00018C0BDE810405FEA827C24BF51F8043B85
:100CF00040F8043B08BF7047D20728BF31F8023BD9
:100D000048BF11F8012B28BF20F8023B48BF00F86C
:100D1000012B70474FF000020429C0F0128010F040
:100D2000030C3FF4BFADCCF1040CBCF1020F18BFB3
:100D300000F8012BA8BF20F8022BA1EB0C01FFF754
:100D4000B1BD5FEAC17C24BF00F8012B00F8012B84
:100D500048BF00F8012B704730B5B0F10A024FEAE6
:100D6000900E71F100034EEA817EB0EB0E0061EB54
:100D700091014FEA101E4EEA017E10EB0E0041EB8E
:100D800011114FEA102E4EEA016E10EB0E0041EBEE
:100D900011214FEA104E4EEA014E10EB0E0041EBCE
:100DA0001141401841F100014FEAD00040EA417082
:100DB0004FEAD10110EB80054FEA810444EA9074B8
:100DC00044EB01046D1944EB0404521BA3414FF0A2
:100DD000000348BF0A3200D530BD401C41F100017C
:100DE00030BD70472DE9FF4F0C461E464FF0FF37D0
:100DF0008BB0D2E90001DDF860800A908A46C1F329
:100E00000A5505B93D46002108464FF00000BAF1E9
:100E1000000F00F4400005DA00EB80004FF44001C1
:100E200001EA50004FEA9059B9F1010F00DDB946CF
:100E30000A9850EA4A000ED044F61050A5F2FF3549
:100E400045432F14B8F1000F1ED07542291E1EDD38
:100E5000C9F100021CE0B8F1010F4FF0000001D011
:100E6000302103E0F24305E02154401CB042FBDB9B
:100E700030460022002121540B99C1F80880C1E9B5
:100E800000200FB000F0BCB9BD1B6D1CDEE74A4668
:100E900000DA694206A800F0DFFB06AB93E8070022
:100EA00003AB83E8070050460A9900F09CFC8DE8EC
:100EB0000700A0F500501F3800900398002D0ADDB0
:100EC00042F21F014A460844002303A903906846E2
:100ED00000F005FF09E0A0F500504A461F38002346
:100EE00003A90390684600F00FFF8DE80700000497
:100EF000000C03D04FF0FF30410800E01046B8F17D
:100F0000000F03D00022009215461EE0751E05D486
:100F1000FFF722FF303262556D1EF9D5B34601222C
:100F2000084302D000227F1C04E02078302801D141
:100F300000227F1E002A099784D01DE0112D07DAB8
:100F4000FFF70AFF303262556D1C50EA0102F5D1FD
:100F5000084302D00098C8B10EE00021681E05E0E9
:100F6000235C625C63542254401E491C8142F7DBBF
:100F7000AB46A81B401E0990002004F80B000B98FC
:100F8000099AC0F80880C0E9002B7AE711264FF0D3
:100F9000000857E72DE9F04F88460446D21D22F09D
:100FA000070191B0D1E90001CDE90A0105F032FC59
:100FB00002460B98C00F01D02D2007E02068810762
:100FC00001D52B2002E0202101EAC000032A09906C
:100FD00001D0072A05DB03464146204600F0FCFA13
:100FE0000BE12078800601D5E06900E00620B8F129
:100FF000650F814606D0B8F1660F18D0B8F1670FBB
:1010000070D131E00020B9F1110F009001DB112304
:1010100001E009F101030AAA01A90CA8FFF7E2FE09
:10102000DDE90C70002609F10105834647E0012047
:101030004B4600904FF000470AAA01A90CA8FFF701
:10104000D1FEDDE90DB00C995D46002610B909F11D
:1010500001000D18B9EB050003D4C0F1FF3609F10A
:101060000105A5EB09002BE0B9F1010F01DA4FF002
:1010700001090020B9F1110F0090484601DD11234C
:1010800000E003460AAA01A90CA8FFF7ABFEDDE9C0
:101090000C704D4600268346207800070AD4AB45E5
:1010A00000DA5D4601A8012D04DD411911F8011C8B
:1010B000302907D04F4502DA17F1040F04DA012076
:1010C00082460FE06D1EEEE7002F02DCED1B3E4472
:1010D00003E0781CA84200DD7D1CB81B00F1010A6A
:1010E0004FF000472078000703D4AA4501DB4FF0FA
:1010F000FF3A0021B7F1004F0DF143088DF843107E
:1011000024D002202B23002F01DA7F422D230A2135
:10111000021EA0F1010000DC5FB197FBF1FC97FB20
:10112000F1F201FB1C7C17460CF1300C08F801CDE4
:10113000EEE7A8F1010003702188090501D54521DA
:1011400000E06521A0F1010800F8011C09980FA931
:10115000A1EB0807FF1D00B10120411901EBEA7066
:10116000A1693844081A401EA0612078C00602D444
:101170002046FFF7F5F9099828B1D4E901219047F5
:10118000206A401C20622078C00622D52046FFF746
:10119000E7F91EE0002E04DBB34502DD01A8805D07
:1011A00000E03020D4E901219047206A401C2062F1
:1011B000761CAAF101005FEA000A0AD100F008FAE1
:1011C000C0680168405CD4E901219047206A401C56
:1011D0002062281EA5F10105DCDC07E0D4E901212D
:1011E00018F8010B9047206A401C2062381EA7F1B6
:1011F0000107F3DC2046FFF7C9F9032011B041E6EF
:1012000030BCBDE8C08F00002DE9F04F04460D460C
:10121000D21D22F0070089B0D0E900974846394630
:1012200005F0F8FA0246F80F01D02D2307E02068F8
:10123000810701D52B2302E0202101EAC0038DF8AC
:1012400020300BB1012000E00020032A824601D0AB
:10125000072A04DB2946204600F0BEF93FE120784A
:10126000800601D40D2500E0E569C7F30A560D2D6F
:1012700049DA00214FEA175B08464FF00000002FC3
:1012800000F4400007DA00EB80004FF4400100EB6F
:10129000D07001EA60008115012901DD4FF0FF31B6
:1012A00000224FEA850CBCF1180F06D31346ACF1AF
:1012B00018004FF08052C24003E04FF4801323FA2D
:1012C0000CF30CF10C0CBCF1200F04D3ACF1200C8E
:1012D00009FA0CF001E007FA0CF000294FF0004881
:1012E00001DD18B90FE00ED140450CD319EB02090E
:1012F0005F4121B9404502D19F4329EA0209BBEB76
:10130000175F00D0761C2088000502D57B48784402
:1013100002E07A487844193808AA302302F80A30E3
:10132000037C0AF10101002E0AF1020A53546A46B5
:1013300002DC4FF0300101E04FF031014FF00108C5
:101340008DF8001002D0A6F2FF3603E059EA4701FB
:1013500000D06B4E002D02DC2178090704D54FF038
:1013600002082E218DF80110C44600210BE0C7F3BE
:1013700003433F01C35C491C6D1E02F80830052978
:1013800008F1010801DA002DF1DC00210CE000EB8E
:101390001973491C1B786D1E082902F808304FEAA2
:1013A000091908F1010801DA002DF0DC21688B062B
:1013B00002D516E0A8F10108E04505DD02EB0803BF
:1013C00013F8013C302BF5D0B8F1000F09DD02EB2A
:1013D000080313F8013C2E2B03D1090701D4A8F10F
:1013E0000108002D05DD3E2102F808106D1E08F1F0
:1013F0000108407C002E02F8080008F1010804DA18
:101400002D20764202F8080002E02B2002F80800A6
:101410000A214FF47A70864208F101080BDB96FB33
:10142000F0F3303302F8083096FBF0F308F10108CE
:1014300000FB136601E0642E0CDB642096FBF0F3E6
:10144000303302F8083096FBF0F308F1010800FB96
:10145000136601E00A2E06DB96FBF1F0303002F84D
:10146000080008F1010896FBF1F001FB1060303034
:1014700002F80800A16908F1010808EB050202EB77
:101480000A00081AA0612078C00602D42046FFF79F
:1014900067F8216A08AE01EB0A00206204E0D4E993
:1014A000012116F8010B9047BAF1010AF7D2207812
:1014B000C00602D52046FFF753F86E4609E016F83D
:1014C000010B3E280FD0D4E901219047206A401C2F
:1014D0002062B8F10108F2D22046FFF757F809B0B0
:1014E000032000F00FB8206A2844206203E0D4E90A
:1014F0000121302090476D1EEBD3F8E7F188000002
:1015000002FCFFFF30BCBDE8C08F10B5436913B1CA
:10151000AFF3008001E0FFF7A9FA012010BD1288A7
:1015200000F1240182840022C2840122EDE71168C7
:101530004FF0FF32E9E770B516460C46054600F05D
:101540003FF8036893F80101012806D0FF2C0FD85B
:10155000185D68B101202C7070BDD3F807013246C8
:10156000214603F2071303442846BDE8704018479C
:101570004FF0FF3070BD754600F0EAF8AE4605004A
:101580006946534620F00700854618B020B5FEF79F
:101590001FFFBDE820404FF000064FF000074FF05E
:1015A00000084FF0000B21F00701AC46ACE8C00981
:1015B000ACE8C009ACE8C009ACE8C0098D4670478A
:1015C00010B500F005F8001D10BD00BF55840000E7
:1015D00000487047904C00202DE9F0411F4604461A
:1015E00003260168072A01F4006004DB08B116A590
:1015F00005E016A503E008B115A500E015A521F04A
:1016000010002060A069C01EA0610FB1401EA06143
:101610002046FEF7A5FF4FB1D4E901213846904797
:10162000206A401C2062C01C206206E0206AFAE7A3
:10163000D4E9012115F8010B9047761EF8D2204617
:10164000FEF7A4FFBDE8F0814E414E006E616E00D2
:10165000494E4600696E66002DE9F0478146164600
:101660008AB0354878440DC88DE80D00324878447A
:10167000801C03AC0DC884E80D0041F69B30084483
:10168000372190FBF1F290FBF1F5A5F1800501FB0C
:1016900012041B3C02D56442012000E00020DFF868
:1016A00098A080460027FA44AAF1BE0A0EE0E0079F
:1016B0000AD03246684607EB470101230AEB810155
:1016C00000F022FB8DE8070064107F1C002CEED197
:1016D000194F7F44AE3F19E0E80715D007EB04101F
:1016E0000DF1180A90E80E008AE80E00C068F0427A
:1016F00001D1981908903246012306A903A800F0E9
:1017000003FB03AB83E807006D10641C002DE3D1DD
:101710004FF0010332466946B8F1000F03A802D02A
:1017200000F0DDFA01E000F0EFFAC9E90001C9F8C4
:1017300008200AB0BDE8F0872C86000010B50446EA
:10174000AFF300802046BDE81040FEF7BCBD0000AE
:1017500000487047704C00204FF0013C50F8042BBB
:1017600051F8043B9A4221D1A2EB0C03934313EAB4
:10177000CC1317D150F8042B51F8043B9A4215D1E1
:10178000A2EB0C03934313EACC130BD150F8042BB8
:1017900051F8043B9A4209D1A2EB0C03934313EA9C
:1017A000CC13DBD04FF00000704700BFD01A01BA55
:1017B000B1FA81F101F0180122FA01F0CB40C1F138
:1017C0002001DBB2C0B2C01A2CFA01F3D11A914346
:1017D00011EAC311E6D1704701491820ABBEFEE7FC
:1017E0002600020070475FEA400C08BF91F0000F2E
:1017F0004FEA8C234FEAC12243EA51514FEA1C5071
:1018000018BF00F5F0404FEA300018BF41F000412A
:101810005FEA6C5C00F02980BCF1FF3F08BF40F03C
:1018200080407047130C06BF12044FF0100C4FF0AD
:10183000000C130E04BF12020CF1080C130F04BFAE
:1018400012010CF1040C930F04BF92000CF1020C76
:10185000D30F04BF52000CF1010C11464FF00002EF
:10186000A0F11F00A0EB0C00704711F0004F08BF63
:10187000704731F000413FF4D5AF0B0C06BF0904AF
:101880004FF0100C4FF0000C0B0E04BF09020CF1CE
:10189000080C0B0F04BF09010CF1040C8B0F04BFE3
:1018A00089000CF1020CCB0F04BF49000CF1010CB4
:1018B000CCF12003A0EB0C0022FA03F302FA0CF2A5
:1018C00041EA030100F10100704720F07F4C80EAFB
:1018D000030023F07F47ACEB070303F57C5300F0D4
:1018E000004003F1FF032DE980494FEA154B09B48D
:1018F0004FEA144325EA0B4E24EA03480FF204266C
:1019000006EB132749083E785FEA320203FB0667BD
:10191000C7F5000707FB06F64FEA54374FEAD646ED
:1019200006F1020607FB066CCCF1005C4FEA1C478F
:101930002CEA074C07FB06F40CFB06F504EB1546F6
:101940004FEA961634BF00204FF000404FEAD137DF
:1019500006FB07FC4FEA1C4C0CFB0BF7D21B03FBEE
:101960000CF761EB07010CFB0EF7B0EB074072EBD5
:1019700017420CFB08F734BFA2EB0742B2EB074259
:1019800061EB17414FEA0C444FEA910706FB07FC55
:101990004FEA1C4C0CFB0BF7B0EBC74072EB573215
:1019A00003FB0CF734BFA2EBC742B2EBC74261EBBB
:1019B00057310CFB0EF7B0EBC70072EB57720CFB04
:1019C00008F734BFA2EBC702B2EBC70261EB577155
:1019D000039F4FEA816141EA921104EBCC044FEA84
:1019E000D1374FEA826206FB07FC42EA90124FEAC7
:1019F00080604FEA1C4C0CFB0BF7D21B03FB0CF76F
:101A000061EB07010CFB0EF7B0EB074072EB1742DE
:101A10000CFB08F734BFA2EB0742B2EB074261EBC5
:101A200017414FEA8C554FEA910704EB9C2406FBC3
:101A300007FC4FEA1C4C0CFB0BF7B0EBC74072EBFA
:101A4000573203FB0CF734BFA2EBC742B2EBC742DD
:101A500061EB57310CFB0EF7B0EBC70072EB57721E
:101A60000CFB08F734BFA2EBC702B2EBC70261EB75
:101A7000577115EB4C254FEA816141EA92114FEA0B
:101A800082624FEAD13742EA901206FB07FC44F12A
:101A900000044FEA80604FEA1C4C0CFB0BF7D21B92
:101AA00003FB0CF761EB07010CFB0EF7B0EB0740F3
:101AB00072EB17420CFB08F734BFA2EB0742B2EB04
:101AC000074261EB174115EB1C154FEA813141EAE2
:101AD00092414FEA823242EA90424FEA80304FEA26
:101AE0000C7644F1000448EA03434EEA0B484FF0F9
:101AF000000EB2EB080C71EB030724BF62463946B7
:101B00004EEB0E0E4FF0000B0018524149414BEBCB
:101B10000B0BB2EB080C71EB03077BF1000B24BF3E
:101B2000624639464EEB0E0E4FF0000B0018524144
:101B300049414BEB0B0BB2EB080C71EB03077BF14C
:101B4000000B24BF624639464EEB0E0E51EA0207E7
:101B500018BF46F0010616EB0E7655F1000254F15F
:101B6000000103D5BDE88901BDE80088BDE8890111
:101B7000BDE80048B619524141EB0101A3F1010350
:101B8000704780807F7E7D7C7B7A797877767675EA
:101B90007473727171706F6E6E6D6C6C6B6A6A6962
:101BA0006868676666656464636362616160605FFC
:101BB0005F5E5E5D5D5C5C5B5B5A5A595958585775
:101BC00057565655555554545353525252515150DD
:101BD00050504F4F4F4E4E4D4D4D4C4C4C4B4B4B30
:101BE0004A4A4A4949494848484747474746464676
:101BF00045454544444444434343434242424241B1
:101C00004141002B9C4630D477002BD01CB54FEAC5
:101C1000370703B44FF010004FF01001BAF1000F76
:101C200006D0BCF1000FDCBF40F0080040F0080116
:101C30004FF000000FBCBDE810400BF1010BBBF1F1
:101C4000010F08BF5FEA170722BF12F1010211F16D
:101C500001014FF0004143F1000300F0004043EA6E
:101C600000007047F9D35708D0E746EA064613F15B
:101C7000400F4FEA16461FDD13F1200FDFBF16435A
:101C80000A46002120335B42BED0C3F1200746EA5A
:101C9000064602FA07F74FEA164646EA0706C3F178
:101CA000200722FA03F201FA07F721FA03F14FF0B5
:101CB000000342EA0702A7E746EA020646EA0646AA
:101CC0004FEA164646EA0106BCBF46EA0646360C0F
:101CD0004FF000034FF000024FF0000194E72DE9B0
:101CE000804C9A46934670B491E8380007C831EAB0
:101CF000400C48BF34EA430C03D5FFF7E6FDFFF77D
:101D000080FFF0BCBDE8008C2DE9804C9A469346DC
:101D100070B491E8380007C810F0804F08BF13F086
:101D2000804F03D100F005F8FFF76BFFF0BCBDE872
:101D3000008C20F07F4780EA030023F07F4C07EB04
:101D40000C03A3F57C5300F00040A3F1FE0392F0D6
:101D5000000F00F0B38095F0000F00F077802DE9C0
:101D600001494FEA11404FEA144621EA004800FBBE
:101D700006FC24EA064708FB06F607FB08F800FB0A
:101D800007F718EB06484CEB164C4FEA124B18EBD2
:101D900007484FEA15464CEB174022EA0B4E0BFB67
:101DA00006FC25EA06470EFB06F607FB0EFE0BFBBC
:101DB00007F71EEB064E4CEB164C4FF000061EEBE1
:101DC000074E4CEB174B18EB0B0840F1000018EBDB
:101DD0000E0B58EB000840F100008F1A4FF0000185
:101DE0003CBFC943661B14BFB5EB040C00213CBFCC
:101DF000C943F61B4FEA17444EEA8E0E27EA044504
:101E00004FEA1C4704FB07622CEA074C05FB07F767
:101E10000CFB05F604FB0CFC16EB074642EB1742E5
:101E200016EB0C4642EB1C421BEB060658EB02027B
:101E3000414146EA9E0601D5BDE80189B6195241E5
:101E400041EB0101A3F10103BDE801894FEA14450B
:101E50004FEA114724EA054621EA074C05FB07F43F
:101E600006FB07F70CFB06F105FB0CFC11EB074129
:101E700044EB17444FEA124711EB0C4144EB1C446E
:101E800022EA074C05FB07F206FB07F70CFB06F6F8
:101E900005FB0CFC16EB074642EB174216EB0C4613
:101EA00042EB1C456A1854F1000148BF7047B6194F
:101EB000524141EB0101A3F10103704795F0000F7E
:101EC00037D04FEA11424FEA144721EA024624EA8A
:101ED000074C02FB07F106FB07F70CFB06F402FBBD
:101EE0000CFC14EB074441EB17414FEA154714EB88
:101EF0000C4441EB1C4125EA074C02FB07F506FBAD
:101F000007F70CFB06F602FB0CFC16EB074645EB4D
:101F1000174516EB0C4645EB1C42121951F1000116
:101F200048BF7047B619524141EB0101A3F10103CB
:101F300070474FEA14454FEA114724EA054621EA63
:101F4000074C05FB07F106FB07F70CFB06F24FF009
:101F5000000605FB0CFC12EB074241EB174112EBAC
:101F60000C4251EB1C4148BF7047921841EB0101F4
:101F7000A3F10103704710B506F0A2FA00F020FCAF
:101F800006F0A2FABDE8104000F01ABC2DE9F041BD
:101F9000044600270D46006803F0E9FD0646206868
:101FA00003F0E1FD30435DD02068C1682E4E890109
:101FB00005D5617E012902D1217E01290BD0022D98
:101FC0001DD0206803F0D3FDB8B120688168C1F34B
:101FD000400169B111E00125244902E08F4232D26B
:101FE0007F1C0268D2435206F8D440210160E8E722
:101FF0008168314041F010018160012D11D02068CD
:1020000003F0B1FD48B120688168C1F3400121B9F6
:102010008168314041F020018160022D08D0032DFC
:1020200004D0042501F072F9064617E00C25F9E703
:102030000825F7E701F06AF9801B05280ED920680A
:10204000806828420AD0606D40F010006065A06D85
:1020500040F00100A0650120BDE8F08120688068A3
:102060002842E7D10020F7E7C0FFFF7F000040A330
:1020700010B5846A616D11F0500F06D0616DC9060C
:1020800025D5204600F09AFB10BD606D40F400702D
:10209000606520680168090716D503F070FD78B106
:1020A0002068C068800400280ADB606D20F480701E
:1020B0006065606DC00403D4606D40F00100606530
:1020C000204600F04FFB10BDC0688007EBE7E16CD5
:1020D000496BBDE81040084710B5806A416D41F07A
:1020E00040014165816D41F00401816500F066FBAE
:1020F00010BD10B5806A00F04BFB10BD70B50446F2
:10210000006881688268C1F3400112F0010F28D095
:1021100039BB816801F00D01012914D18168124A8F
:102120001140891C816021680320086001F0EEF8ED
:10213000054612E001F0EAF8401B02280DD920689C
:102140008068C00709D0606D40F010006065A06D28
:1021500040F00100A065012070BD20688068C007C4
:10216000E8D1002070BD0000C0FFFF7FF8B5044635
:10217000002000902068816811F0010F41D1816832
:10218000214A11422ED18168D5432940491C8160E2
:102190001E48806800F0E07000020DD51C481D4903
:1021A0000068B0FBF1F0401C00EB4000800000E054
:1021B000401E00900028FBD101F0A8F806461BE065
:1021C000816811F0010F03D181682940491C8160A9
:1021D00001F09CF8801B02280ED920680068C043DB
:1021E000C00709D0606D40F010006065A06D40F040
:1021F0000100A0650120F8BD20680168C943C90736
:10220000DED10020F8BD00003F0000800003045034
:102210000C000020400D0300FEE710B506F0F6F9B3
:10222000BDE8104000F040BE30B590F8444004F0E6
:102230001C050124AC40056C6C6004686360836815
:10224000102B036803D099600068C26030BD9A60AB
:102250000068C16030BD704772B6FEE770477047D6
:1022600070477047704700002DE9F047044690F82A
:1022700050009AB00E464FF00009012816D00120F8
:1022800084F85000002515951695324F2068B84205
:1022900010D1DFF8C480CDF80080404603F06BFC1D
:1022A0008246206803F067FC60B10EE002201AB09D
:1022B000BDE8F087606D40F02000606584F8505004
:1022C0000120F4E7BAF1000F0AD0606D40F0200061
:1022D00060654FF0010900BF84F850504846E6E7BA
:1022E0001E4831681E4A0029816840F61F7321F498
:1022F00060411CD094F830C041EA4C31D6F804C09B
:1023000041EA0C018160B968D8F8087001F0010158
:1023100007F001079268394302F001021143DBD153
:10232000B2683168114382689A4311430FE08160BB
:10233000B968D8F8086001F0010106F0010692685A
:10234000314302F001021143C6D181689943816093
:10235000C2E70000000004500001045000030450D4
:10236000000204502DE9F84F00270446009790F82A
:102370005000DFF8B8930D46B846012811D0012669
:1023800084F85060206803F0F2FB60B1606D40F0AB
:10239000200060655FF0010784F85080384600F047
:1023A000DDB90220FBE76868052808D8022825D097
:1023B000032825D0042825D0052825D0062021680B
:1023C0000C2303EA901319442A680B6B00F01F00DA
:1023D0004FF01F0C0CFA00FCC2F3846223EA0C03DA
:1023E000824013430B63206803F0C1FB82462068E0
:1023F00003F0B9FB5AEA000009D09AE00C20DEE7AE
:102400001220DCE71820DAE74FF48070D7E7AA68DB
:102410002968206803F0BBFB20686969C268C2F3C1
:10242000C102520091402A69042A0FD000EB8200B9
:102430002B68026EDFF8F8C203F0F84302EA0C02E0
:102440000B431A4342F00041016672E0002103F0A1
:1024500084FB400320684FF0000172D003F07DFB45
:1024600090FAA0F0B0FA80F1286842036ED090FA9A
:10247000A0F0B0FA80F0814204D100221146206819
:1024800003F094FB0121206803F067FB4003206800
:102490004FF001015DD003F060FB90FAA0F0B0FABC
:1024A00080F12868420359D090FAA0F0B0FA80F089
:1024B000814204D100220121206803F077FB022130
:1024C000206803F04AFB400320684FF0020148D027
:1024D00003F043FB90FAA0F0B0FA80F128684203C1
:1024E00044D090FAA0F0B0FA80F0814204D10022EA
:1024F0000221206803F05AFB0321206803F02DFB22
:10250000400320684FF0030133D003F026FB90FA1C
:10251000A0F0B0FA80F1286842032FD090FAA0F022
:10252000B0FA80F0814204D100220321206803F038
:102530003DFB2068816811F0010F22D0ABE000E084
:1025400004E003F00AFBC0F384618DE7C0F384600C
:1025500091E703F002FBC0F38461A2E7C0F384605B
:10256000A6E703F0FAFAC0F38461B7E7C0F384602A
:10257000BBE703F0F2FAC0F38461CCE7C0F38460F8
:10258000D0E72A7B296850F8B03FC1F3120C23EA48
:102590000C0302F0180C674A22FA0CF20A401343AB
:1025A0000360E968494576D1286841031BD090FA59
:1025B000A0F1B1FA81F1491C01F01F0109294FEA8C
:1025C000403131D8002911D090FAA0F1B1FA81F14F
:1025D00001F1010101F01F0106FA01F609D100BF66
:1025E000C0F3846109E0C0F38461E4E7C0F384616F
:1025F000EEE790FAA0F1B1FA81F101F1010101F0E9
:102600001F0146EA816102D1C0F3846003E090FAC1
:10261000A0F0B0FA80F000F1010000F01F0000EB24
:10262000400041EA005132E000290ED090FAA0F1BA
:10263000B1FA81F101F1010101F01F0106FA01F681
:1026400006D100BFC0F3846106E0C0F38461F1E706
:1026500090FAA0F1B1FA81F101F1010101F01F013D
:1026600046EA816102D1C0F3846003E090FAA0F0F1
:10267000B0FA80F000F1010000F01F002E4A00EBDC
:10268000400002EB005041EA000141F00071AA68ED
:10269000206803F07CFA29482A6802423FF47CAEA5
:1026A00027488168274E284B284D01F0E071B2423F
:1026B0001DD10E021BD422689A4202D0AA427FF496
:1026C0006BAE826841F4000122F0E0720A4382603E
:1026D0001F4820490068B0FBF1F0401C00EB4000AF
:1026E000800000E0401E00900028FBD154E61A4E06
:1026F000B24209D1CE0107D422689A4201D0AA423F
:10270000F4D141F080710AE06FF00045EA42EDD16A
:102710004A02EBD422689A42E8D141F480018268EF
:1027200022F0E0720A43826036E6000000007F403B
:1027300000F0FF03FFFF0700000020FE00000880FC
:1027400000030450000052C700000450000204506F
:102750000C000020400D0300000084CB18BCBDE835
:10276000E08F000010B504F02BF902280CD200EB2A
:102770004001064800EBC1000269002A04D0C1688C
:102780008068BDE81040104710BD000034440020B0
:1027900010B504F015F902280CD200EB40010648F0
:1027A00000EBC1004269002A04D0C1688068BDE81E
:1027B0001040104710BD0000344400207047000056
:1027C0002DE9F05F0446006806684568DFF854B2FA
:1027D000DBF8080000F01F07B0070ED5A8070CD5DE
:1027E000606DC00603D4606D40F4006060652046F3
:1027F000FFF734FD216802200860DFF82CA2DFF823
:102800002C82700701D5680703D4300737D5280715
:1028100035D5606DC00603D4606D40F4007060650E
:10282000206803F0ACF920B32068504501D142463E
:1028300000E00246824208D03FB1052F05D0092FA3
:1028400003D0504503D1414602E0C16801E0014692
:10285000C96889040DD4016809070AD503F087F90E
:1028600058B3606D40F010006065A06D40F001004D
:10287000A0652046FFF776FF21680C200860B006AF
:1028800001D5A80603D4700658D5680656D5606DE4
:10289000C00603D4606D40F4005060652068C16CD0
:1028A00011F0C00F1AD00021894603F068F90246E2
:1028B0002068504514D1434613E02068416821F058
:1028C0000C014160606D20F480706065606DC00433
:1028D000CFD4606D40F001006065CAE70121E3E7F5
:1028E0000346834208D03FB1062F05D0072F03D0FF
:1028F000504503D1414602E0C16801E00146C96884
:10290000B9F1000F14D08B0102D58AB18A040FD41B
:10291000026852060CD589020AD403F024F9E8B300
:10292000606D40F010006065A06D40F00100A06592
:102930002046FFF794FC21686020086030060BD524
:10294000280609D5606D40F480306065204600F0AF
:1029500059F9216880200860F0050CD5E8050AD5F2
:10296000606D40F4003060652046FFF77AFC216816
:102970004FF480700860B0050CD5A8050AD5606DCD
:1029800040F4802060652046FFF76CFC21684FF41E
:1029900000700860F0062ED5E80600E008E02AD5B1
:1029A000606BD0B1AFB1DBF8080000F4604013E019
:1029B0002068416821F060014160606D20F4805022
:1029C0006065606DC005B3D4606D40F00100606566
:1029D000AEE72068C068C00750B1606D40F4806009
:1029E0006065A06D40F00200A0652046FFF7E6FE9E
:1029F000216810200860700512D5680510D5606D3B
:102A000040F480406065A06D40F00800A06521683A
:102A10004FF480600860204600F00AB8FFF720BC41
:102A200000F00BB8000304500001045000000450F3
:102A300030BCBDE8C05FFFF7F1BF30BCBDE8C09F50
:102A4000F8B54FF0000504002E46009502D0606DE9
:102A500010B107E00120F8BD204600F0D5F8A665CA
:102A600084F8506020688168C1F3407119B18168B1
:102A70005A4A1140816020688168C1F3007189B9A8
:102A80008168574A114041F080518160554856494C
:102A90000068B0FBF1F04000801C00E0401E009098
:102AA0000028FBD120688168C1F3007141B9616DD4
:102AB00041F010016165A16D41F00101A1650125A1
:102AC00003F055F8616DC90600D430B1606D40F077
:102AD0001000606501252846F8BD606D20F4807007
:102AE00040F0020060652068806810F0010F15D189
:102AF0003E4880683E4900F00100896801F001010C
:102B000008433C49896801F00101084306D13A496C
:102B100060688A6822F47C1202438A60E168606B14
:102B2000627E0843A16841EA4231084394F82010CC
:102B300040EA0140012904D1A18C304A02EB414115
:102B40000843A16A29B101F47071E26A014342EAC3
:102B500001002268D1682A4B19400143D1602068E6
:102B600003F001F8A8B9207E94F83010800340EA01
:102B700041012068C26844F202039A430A43C260DA
:102B800094F8380001280CD02068016921F0010177
:102B90000161206901282068016B21F00F0111D02B
:102BA00013E0D4E90F010843D4E91112114308439B
:102BB00021680A6940F2FC739A43104340F0010017
:102BC0000861E6E7E269521E11430163606D20F07F
:102BD000020040F0010060657DE70000C0FFFF5F7C
:102BE000C0FFFF7F0C000020400D030000000450D8
:102BF0000001045000020450000304500000FEFFD6
:102C000007C0F0FF7047000010B586B004461421DD
:102C10006846FDF745FE194B0021194803229C42E6
:102C200016D1C36C43F00103C364C06C00F0010013
:102C3000059040200090CDE9012169464FF0904079
:102C400000F04AFA05F0E2FCE064846206B010BDD0
:102C50000A4B64339C42F9D1C36C43F00203C36452
:102C6000C06C00F00200059002200090CDE9012127
:102C70006946044800F030FAE8E7000064440020A8
:102C800000100240000400482DE9F0410446394894
:102C900017468846806800F01F05206802F067FF2D
:102CA000002864D194F85000012860D0012084F8F5
:102CB000500031492068884201D1012000E0002005
:102CC000401E28424FF0000605D0052D03D0092DE7
:102CD00001D0012003E02046FFF748FA18B184F83C
:102CE0005060BDE8F081606D40F60161884340F4BA
:102CF0008070606521492068884201D1204900E048
:102D00000146814200D01DB9606D20F480106065DD
:102D1000606DC00404D5A06D20F00600A06500E041
:102D2000A665E16C1748C862E16C17480863E16C5E
:102D30001648486321681C20086084F850602068A9
:102D4000416841F0100141602068C16841F0010113
:102D5000C16021683B4642464031E06C00F070F9AA
:102D600021688A680A4B1A40121D8A60B9E702205E
:102D7000B7E70000000304500002045000010450B3
:102D80000000045071200008F3200008D92000083A
:102D9000C0FFFF7F70B5044690F85000012809D0AD
:102DA000012084F8500003212046FFF7EFF80500CA
:102DB00002D027E0022070BD2068C16821F0010127
:102DC000C160E06C90F82510022907D100F01FF8CF
:102DD000050003D0606D40F04000606520684168E8
:102DE00021F010014160204615B1FFF787F909E095
:102DF000FFF784F9050005D1606D20F4885040F09C
:102E000001006065002084F85000284670BD10B5B0
:102E100040B190F825100022022905D00421C16399
:102E200080F82420012010BD01680B6823F0010305
:102E30000B6001680B6823F00E030B6090F84410E0
:102E4000046C01F01C03012101FA03F3636080F8B4
:102E5000251080F82420002010BD10B590F8251012
:102E60000024022903D00421C16301241AE001686F
:102E70000A6822F001020A6001680A6822F00E0264
:102E80000A6090F84410036C01F01C02012101FA61
:102E900002F25A6080F82510002180F82410816B1E
:102EA00001B18847204610BDF0B4016C0D6801687F
:102EB0000C6890F8442002F01C06042202FA06F383
:102EC0002B4211D063070FD50B689B0603D40B6808
:102ED00023F004030B6090F8441001F01C018A40B9
:102EE000016C4A60016B26E0022202FA06F72F42CB
:102EF0004FF0000C4FF0010321D0A7071FD50C683D
:102F0000A40605D40C6824F00A040C6080F825306F
:102F1000184B0168994290F8441001F01C0102FA24
:102F200001F202D914490A6002E0124980394A606C
:102F300080F824C0C16A00291AD0F0BC08470822D2
:102F4000B2402A4214D0220712D50A6822F00E029B
:102F50000A6090F84410026C01F01C0103FA01F1C0
:102F60005160C36380F8253080F824C0416BE2E7EC
:102F7000F0BC7047800002400404024010B568B104
:102F80002C4C026814232C49A24209D22B4C144425
:102F9000B4FBF3F39B00C0E910130BE0012010BD5C
:102FA000244C64421444B4FBF3F39B004364214B70
:102FB000083B0364022380F82530136847F6F07459
:102FC000A3431360D0E902231A43D0E90434234316
:102FD0001A4383691A43C3691A43036A1A4303688D
:102FE0001C6822431A608268B2F5804F19D0036CC6
:102FF0000F228B4202D151F8A83F02E00D49A031C7
:103000000B6890F8444004F01C04A24093430B600A
:1030100090F84430426803F01C039A400B681A434E
:103020000A600021C163012280F8252080F8241065
:10303000084610BD0804024000000240F8FFFDBF32
:1030400070B5044690F82400002501280ED0012018
:1030500084F8240094F825600020012E08D08021F7
:10306000E16384F824000125284670BD022070BD6C
:10307000022684F82560E0632068066826F00106D1
:1030800006602046FFF7D0F8206B00282068016812
:1030900002D041F00E0106E021F004010160206839
:1030A000016841F00A0101602068016841F00101F6
:1030B0000160D9E770B5044600F028F90546601CA8
:1030C00002D004480078044400F020F9401BA042DC
:1030D000FAD370BD000000202DE9F04FDFF8EC912D
:1030E00000220127A9F1040B85B003254FF00F0C36
:1030F00009F1040AABF1040EE0E000BF07FA02F4A4
:1031000016EA04037ED00E7906F00306012E01D0E4
:10311000022E1FD186680096560005FA06F804961E
:10312000009E26EA08060096D1F80C80049E08FA54
:1031300006F8009E48EA0608C0F80880466891F83C
:103140000480A643C8F3001808FA02F848EA060803
:10315000C0F80480D1F804806FEA0806B6070AD1E7
:10316000C66AA643C8F3C00494403443C4620C79D1
:10317000E443A4070AD0C4684FEA420805FA08F6F7
:10318000B4438E6806FA08F62643C6600C7904F04C
:103190000304022C11D1D40800EB84060296D6F861
:1031A00020805407E60E0CFA06F428EA04080C699D
:1031B000B440029E44EA0804346204685600029651
:1031C00005FA06F6B4430E7906F00308029E08FAE3
:1031D00006F848EA0408C0F800804C6814F4403F40
:1031E0006BD03B4C266E46F001062666246E22F01C
:1031F000030604F001040094364C34440294A4689D
:10320000960700E059E04FEA16780CFA08F6B44346
:10321000B0F1904F04D0304EB04203D101261BE0F4
:10322000002619E02D4EB04201D1022614E02C4EAA
:10323000B04201D103260FE02A4EB04201D104264C
:103240000AE0294EB04201D1052605E0274EB042E2
:1032500001D1062600E0072606FA08F62643029C5E
:10326000A660D9F800404E46D1F804809C435FEA3E
:10327000C82800D51C433460DAF800405646D1F81F
:1032800004809C435FEA882800D51C433460DBF847
:1032900000405E46D1F804809C435FEA883800D540
:1032A0001C433460DEF800407646D1F804809C432D
:1032B0005FEAC83800D51C433460521C0B681E46B8
:1032C000D3407FF41BAF05B000F012B808040140F2
:1032D00000100240000001400004004800080048BF
:1032E000000C004800100048001400480018004876
:1032F00030BCBDE8C08F0069084000D00120704795
:103300000AB181617047816270470000014880689E
:10331000704700000000002090F84120202A24D1AE
:1033200090F84020012A20D0012280F84020242259
:1033300080F841200268136823F0010313600268DB
:10334000136823F480531360026813680B431360FF
:1033500001680A6842F001020A60202180F84110E9
:10336000002180F84010084670470220704790F80E
:103370004120202A22D190F84020012A1ED001228B
:1033800080F84020242280F841200268136823F04E
:10339000010313600268136823F4706343EA012198
:1033A000116001680A6842F001020A60202180F879
:1033B0004110002180F840100846704702207047F5
:1033C00070B5040004D094F84100002510B106E067
:1033D000012070BD84F84050204600F0B5F924204B
:1033E00084F841002068016821F0010101606068F3
:1033F000216820F0706008612068816821F4004134
:103400008160E0680128A06830D040F40440216861
:103410008860E0680228206841682AD021F40061B1
:10342000416020684168144A114341602068C168C6
:1034300021F40041C160D4E904010843A16940EAD4
:1034400001202168C860D4E90701084321680860A9
:103450002068016841F0010101606564202084F862
:103460004100256384F84250002070BD40F40040C4
:10347000CDE741F40061D3E7008000022DE9FF4F62
:1034800083B00446DDE9108790F84100DDF848A0DC
:103490009B46202876D15FEA080015D0A7B194F8A2
:1034A000400001286ED04FF0010984F84090FFF7EA
:1034B0002DFF0646012200901923D103204602F079
:1034C000B7FA002872D103E04FF4007060646DE039
:1034D000222084F84100402084F8420000256564E1
:1034E000C4F8248067856563CDE900A6DDE9041290
:1034F0005B46204602F020FA10B184F8405055E0B7
:10350000618D35484FF080774FF00078FF2905D95D
:10351000A4F828904A463B46009005E0618D21853D
:10352000009094F8282043462046049902F068FA57
:103530005346002204212046009602F079FAA8BBE7
:103540002068406A616A0870606A401C6062208D71
:10355000401E81B22185608D401E6085608DE0B186
:10356000D9B95346002280212046009602F060FA25
:10357000E0B9608DFF2806D9A4F828904A463B465A
:10358000009506E026E0608D2085009594F82820BF
:1035900043462046049902F033FA608D0028C7D1D3
:1035A00032465146204602F080FA18B1012007B099
:1035B00000F016B821682020C86121684A68074BCE
:1035C0001A404A6084F8410084F8425084F8405020
:1035D0000020ECE70220EAE70024008000E800FE7B
:1035E00030BCBDE8C08F00002DE9FF4F83B004461A
:1035F000DDE9108790F84100DDF848909A4693463F
:10360000202871D15FEA080014D09FB194F84000DF
:10361000012869D0012084F84000FFF777FE0646B4
:10362000012200901923D103204602F001FA00285C
:103630006ED103E04FF40070606469E0212084F8EB
:103640004100402084F8420000256564C4F82480CD
:1036500067856563CDE9009653465A46204604992E
:1036600002F09CF910B184F8405051E0608DFF27C2
:103670004FF080784FF0007AFF2804D927853A462A
:103680004346009505E0608D2085009594F828203C
:1036900053462046049902F0B3F932464946204683
:1036A00002F02EFAA0BB606A216800788862606A26
:1036B000401C6062608D401E6085208D401E80B27F
:1036C0002085618DD9B1D0B94B460022802120469A
:1036D000009602F0ADF9D8B9608DFF2805D927858D
:1036E0003A464346009506E026E0608D2085009529
:1036F00094F8282053462046049902F081F9608D01
:103700000028CAD132464946204602F0CEF918B107
:10371000012007B000F014B820682021C1612068A2
:103720004268064B1A40426084F8411084F84250C7
:1037300084F840500020ECE70220EAE700E800FEB1
:1037400030BCBDE8C08F000010B586B0044614211F
:103750006846FDF7A5F80E48844217D10D48C16CA4
:1037600041F00201C164C06C694600F0020005909E
:103770004FF440700090122001900020029003202E
:103780000390042004900448FFF7A6FC06B010BD87
:10379000D84500200010024000040048024881681B
:1037A00002781144816070470000002010B50024A9
:1037B000032000F09FF80F2000F008F808B1012462
:1037C00001E000F04FF8204610BD000030B505467E
:1037D0001F4887B0816D41F020018165806D06A989
:1037E00000F02000009001A800F04CFB0498B0B15C
:1037F00000F068FB40001749174AB0FBF1F1174889
:10380000491E0260416040F2E7320021C0E9032115
:103810008160816101F048F9040003D015E000F0F7
:1038200051FBE8E70D4801F0E9F904000DD137201C
:1038300000F032F8102D07D200222946372000F080
:1038400039F80748056000E0012407B0204630BD84
:103850000010024040420F000014004014050020F8
:10386000040000200B4882B0016E41F001010166A6
:10387000016E01F001010091816D41F0805181657F
:10388000806D002200F0805000900F21901E02B049
:1038900000F010B800100240002809DB00F01F0201
:1038A000012191404009800000F1E020C0F80011A2
:1038B00070470000F0B40E4B1B680C46C3F30223A4
:1038C000C3F10705042D00D90425191D072901D2CC
:1038D000002300E0DB1E012606FA05F1491E214007
:1038E00099409E40761E16403143F0BC02F0AABFBC
:1038F0000CED00E0064900F0070208684FF6FF03F0
:10390000184040EA0220034A104308607047000054
:103910000CED00E00000FA051649B0F5007F0868DC
:10392000C0F3412009D0022805D0086820F4C06007
:1039300040F480600860002070470128FBD00868D0
:1039400020F4C06040F4007008600B483222006828
:1039500050430A4AB0FBF2F0401C00E0401E4A69A6
:10396000520501D50028F9D148694005E3D5032067
:1039700070470000007000400C00002040420F0023
:103980000248006800F4C06070470000007000400A
:103990002DE9F84F044600270088E54D3E46010515
:1039A00004F1200B1DD5606E78B1B0F5800F11D0F9
:1039B000B0F5000F04D0B0F5400F22D001270FE082
:1039C000E86840F48030E8601BE00021201D02F030
:1039D000F9F803E00021584602F08AF9070010D0F8
:1039E0003E462088C00426D5A06EC0B1B0F1807FCD
:1039F0001AD0B0F1007F0DD0B0F1407F19D001276F
:103A000018E0D5F88800616E20F440000843C5F83E
:103A10008800E6E7E86840F48030E86009E00021CB
:103A2000201D02F0CFF803E00021584602F060F9B3
:103A30000746F7B13E46206880033AD5A86D4FF09F
:103A40000008C00009D4A86D40F08050A865A86D9A
:103A50004FF0010800F080500090DFF8D8A2DAF8AB
:103A6000001041F48071CAF80010FFF74FFC814646
:103A700010E0D5F88800A16E20F040700843C5F82A
:103A80008800D8E7FFF742FCA0EB0900022801D923
:103A9000032705E0DAF80000C005F3D5002F7CD03D
:103AA0004FEA0706B8F1000F03D0A86D20F0805050
:103AB000A8652078C00707D0D5F88800A16B20F052
:103AC00003000843C5F888002078800707D5D5F89B
:103AD0008800E16B20F00C000843C5F888002078CE
:103AE000400707D5D5F88800216C20F03000084346
:103AF000C5F888002078000707D5D5F88800616CE4
:103B000020F0C0000843C5F888002078C00607D51B
:103B1000D5F88800A16C20F440700843C5F88800EF
:103B20002078800607D5D5F88800E16C20F4406045
:103B30000843C5F888002088800507D5D5F8880097
:103B4000E16D20F440200843C5F888002088400536
:103B500007D5D5F88800216E20F440100843C5F839
:103B600088002078400607D5D5F88800216D20F41C
:103B700040500843C5F888002078000607D5D5F8DE
:103B80008800616D20F440400843C5F88800208813
:103B9000C00509D5D5F8880000E01CE0A16D20F42F
:103BA00040300843C5F8880020884FF00067800443
:103BB0004FF080684FD5D5F88800E16E20F0406066
:103BC0000843C5F88800E06EB8423CD1E86840F48C
:103BD0008010E8603FE0D5F8900010F4407015D0F8
:103BE000D4F88410814211D0D5F89000D5F8901007
:103BF00020F4407041F48031C5F89010D5F8901051
:103C000021F48031C5F89010C5F89000C00710D09D
:103C1000FFF77CFB074641F2883906E0FFF776FBA9
:103C2000C11B494501D903263CE7D5F89000800720
:103C3000F4D5D5F89000D4F8841020F440700843EF
:103C4000C5F890002EE7404505D10121201D01F067
:103C5000B9FF00B106462068000317D5D5F88800E3
:103C6000216F20F040600843C5F88800206FB842FB
:103C700004D1E86840F48010E86007E0404505D1D1
:103C80000121201D01F09EFF00B10646206840037F
:103C900017D5D5F88800616F20F040600843C5F85B
:103CA0008800606FB84204D1E86840F48010E86092
:103CB00007E0404505D10121201D01F083FF00B13F
:103CC0000646208840041AD5D5F88800A16F20F058
:103CD00040500843C5F88800A06FB0F1805F03D062
:103CE000B0F1005F05D00AE00221201D01F06AFF5B
:103CF00003E00221584601F0FBFF00B10646208890
:103D0000000407D5D5F88800E16F20F08040084313
:103D1000C5F888002068C00307D555F8880FD4F887
:103D2000801020F0004008432860304600F004B8BE
:103D3000001002400070004018BCBDE8E08F000099
:103D40002DE9F0470F4605006BD0494E306800F072
:103D50000700B84209D2306820F0070038433060CD
:103D6000306800F00700B8425BD12878414C8007EA
:103D70000AD5A868A16801F0F001884204D9A168B9
:103D800021F0F0010143A1602878C0072CD06868B9
:103D9000032811D0022812D0216898B149050029C2
:103DA0003FDAA16821F003010143A160FFF7AEFAF9
:103DB000804641F2883910E021688901EFE72168E7
:103DC0008903ECE78907EAE7FFF7A0FAA0EB08010F
:103DD000494502D90320BDE8F087A068696800F072
:103DE0000C00B0EB810FEFD1287880070AD5A868C6
:103DF000A16801F0F001884204D2A16821F0F0012D
:103E00000143A160306800F00700B8420BD9306868
:103E100020F0070038433060306800F00700B842F7
:103E200001D00120D7E72878400705D5A068E968C8
:103E300020F4E0600843A0602878000706D5A06859
:103E4000296920F4605040EAC100A06000F05EF8EB
:103E5000A168094AC1F30311515C01F01F01C84078
:103E60000649086006480068BDE8F047FFF7AEBCA9
:103E70000020024000100240609A00080C00002060
:103E8000040000200F2202600C4A936803F0030331
:103E90004360936803F0F0038360936803F4E06386
:103EA000C36092684FF4E06303EAD20202610448FF
:103EB000006800F007000860704700000010024032
:103EC000002002400548064900688968054AC1F398
:103ED0000221515C01F01F01C84070470C00002016
:103EE00000100240A09A0008054806490068896849
:103EF000054AC1F3C221515C01F01F01C84070475F
:103F00000C00002000100240A09A000870B525495E
:103F1000002318468A68CC6812F00C0204F00306ED
:103F2000214C4FEA640509D00C2A05D0042A32D06E
:103F3000082A00D1284670BD012E10D10B681B073E
:103F400004D4D1F89430C3F3032302E00B68C3F325
:103F50000313164E56F82330DAB10C2AEBD1C86899
:103F600000F00300022818D0032818D01846CA68A9
:103F7000CB68C2F30212C3F306234343521CB3FBC4
:103F8000F2F2C868C0F34160401C4000B2FBF0F0A0
:103F900070BD184670BD204670BD2046E7E7284634
:103FA000E5E70000001002400024F400709A0008C9
:103FB0002DE9F84304006FD0FD4DA86800F00C0611
:103FC000E86800F003072078C00664D576B10C2EAF
:103FD00001D1012F0AD0A069002828687AD040F0CA
:103FE00001002860FFF792F980465DE028688007AD
:103FF00002D5A0690028DED0216A2868000703D511
:10400000286800F0F00004E0D5F89400F02202EAFD
:104010001010814216D9084601F0EEFE00283BD16F
:10402000286840F0080028602868216A20F0F00025
:10403000084328606868E16920F47F4040EA012075
:10404000686016E0286840F0080028602868216A47
:1040500020F0F000084328606868E16920F47F40A0
:1040600040EA0120686026B9206A01F0C5FE0028F8
:10407000D5D1FFF74BFFA968CE4AC1F30311515CBC
:1040800001F01F01C840CC490860CC480068FFF728
:104090009DFB00287ED12EE0CAE000BFFFF736F975
:1040A000A0EB0800022876D828688007F6D5286893
:1040B00040F0080028602868216A20F0F0000843DA
:1040C00028606868E16920F47F4040EA0120686068
:1040D00011E0FFE720F001002860FFF717F98046A4
:1040E00006E000BFFFF712F9A0EB08000228DAD8BB
:1040F00028688007F6D42078C00740D0082E18D052
:104100000C2E01D1032F14D06068B0F5803F17D07A
:10411000B0F5A02F286817D020F4803028602868D8
:1041200020F4802028606068E0B1FFF7EFF8804657
:1041300014E02868800322D56068002878D01EE04B
:10414000286840F48030EDE740F480202860F7E7ED
:10415000FFF7DCF8A0EB08006428A4D828688003E7
:10416000F6D50CE0FFF7D2F8804605E0FFF7CEF871
:10417000A0EB0800642896D828688003F6D420783D
:1041800080073BD5042E11D00C2E01D1022F0DD06B
:10419000E06801E086E1D6E0002828681ED040F4FF
:1041A00080702860FFF7B2F807460CE028684005E9
:1041B0000CD5E0680028C1D008E000BFFFF7A6F8E2
:1041C000C01B022893D828684005F7D56868217C71
:1041D00020F0F85040EA016068600FE020F4807041
:1041E0002860FFF793F8074605E000BFFFF78EF859
:1041F000C01B0228B1D828684005F7D420780007F2
:1042000029D560690028D5F8940012D040F001004B
:10421000C5F89400FFF77AF8074604E0FFF776F850
:10422000C01B022899D8D5F894008007F6D512E073
:1042300000E120F00100C5F89400FFF767F8074699
:1042400005E000BFFFF762F8C01B02287BD8D5F855
:1042500094008007F6D42078400766D5A86D002723
:10426000C00008D4A86D40F08050A865A86D012753
:1042700000F08050009052480168C90512D40168CE
:10428000814641F480710160FFF740F8804605E007
:10429000FFF73CF8A0EB0800022854D8D9F800003A
:1042A000C005F5D5A068012816D00528D5F89000DE
:1042B00017D020F00100C5F89000D5F8900020F04C
:1042C000040000BFC5F89000A06841F28839C0B171
:1042D000FFF71CF880460FE0D5F8900040F0010091
:1042E000F0E740F00400C5F89000F5E7FFF70EF89E
:1042F000A0EB0801494526D8D5F890008007F5D5F0
:104300000EE0FFF703F8804606E000BFFEF7FEFF71
:10431000A0EB0801494516D8D5F890008007F5D4E0
:104320001FB1A86D20F08050A865A06AF0B30228E4
:104330000AD00C2E7ED0286820F080702860FEF70E
:10434000E5FF0446B0E0ACE0E868E26A00F0030193
:10435000914229D1216B00F070020901103991427C
:1043600022D1626B00F4FE41B1EB022F1CD1A26B93
:1043700000F40031072A01D0012200E0002291421E
:1043800012D1A18F00F4C00249084905A1F500111E
:10439000914209D194F8401000F0C06049084906E4
:1043A000A1F1007181425ED00C2E0BE072E00000A2
:1043B00000100240609A00080C0000200400002059
:1043C0000070004079D02868400176D42868C00089
:1043D00073D4286820F080702860FEF797FF0646A7
:1043E00005E000BFFEF792FF801B022859D828681D
:1043F0008001F7D4D4E90B016FF00F0202EB011139
:104400000843A18F5204490802EB4151626B41EA13
:104410000221084394F840104FF07E42490802EB15
:1044200041610843A16B090940EA4140E968244A17
:10443000114000E041E00843E860286840F08070E7
:104440002860E86840F08070E860FEF75FFF04468F
:1044500005E000BFFEF75AFF001B022821D828689C
:104460008001F7D527E02868800124D4286840F02F
:1044700080702860E86840F08070E860FEF746FFD2
:10448000044604E0FEF742FF001B022809D8286812
:104490008001F7D50FE000BFFEF738FF001B0228B0
:1044A00002D90320BDE8F88328688001F4D4E868C5
:1044B00004490840E8600020F4E70120F2E700002A
:1044C0008C809DF9FCFFEEFE70B5040009D0606A97
:1044D000002540B125616561A56294F85D0040B199
:1044E0000CE0012070BD6068B0F5827FF4D0E5611A
:1044F000F2E784F85C50204600F056F8022084F879
:104500005D002068016821F040010160E1684FF41E
:10451000E062914201D9002001E04FF48050B1F5F2
:10452000706F02D0914200D0A562A188228901F467
:10453000827102F404421143227C02F00202114310
:10454000227D02F001021143228B02F4007211431A
:10455000227F02F03802114394F8202002F08002FA
:104560001143228D02F40052114322681160A169A7
:10457000042202EA114194F8242000F4805002F051
:104580001002114394F8342002F008021143A2896A
:1045900002F47062114301432068416025660120E6
:1045A00084F85D00002070BD10B586B0044614216B
:1045B0006846FCF775F90E48844217D10D48C16C66
:1045C00041F00101C164C06C694600F00100059032
:1045D000E020009002200190002002900320039030
:1045E000052004904FF09040FEF776FD06B010BD18
:1045F00074450020001002402DE9F84F98461646F9
:104600008A460446FEF782FE814694F85D00012842
:1046100020D1BAF1000F6FD0002E6DD094F85C005D
:10462000012817D0012784F85C70032084F85D000E
:1046300000252566C4F838A0A687E6872564A4F877
:104640004450A4F846502565E564A068B0F5004FD5
:1046500003D00CE0022000F096B82068016821F039
:10466000400101602068016841F4804101602068D8
:104670000168490603D4016841F040010160E06827
:10468000B0F5E06F606826D908B1012E1FD1A06B8C
:1046900021680088C86006E020688168890709D51C
:1046A000A16B0988C160A06B801CA063E08F401ED5
:1046B000E0870CE0FEF72AFEA0EB0901414503D399
:1046C000B8F1FF3F03D04BE0B8F1000F48D0E08FC6
:1046D0000028E1D139E008B1012E33D1E08F012863
:1046E000A06B03D921680088C86010E021680078B9
:1046F000087314E0E08725E043E0206881688907BB
:1047000013D5E18F0129A16B07D90988C160A06B7E
:10471000801CA063E08F801EECE709780173A06B1A
:10472000401CA063E08F401EE4E7FEF7EFFDA0EB26
:104730000901414503D3B8F1FF3F03D010E0B8F1C0
:10474000000F0DD0E08F0028D7D14A4641462046C1
:1047500001F090FB08B120202066A06830B109E08C
:1047600084F85D7084F85C50032074E72068C168A9
:104770008068009084F85D7004F85C5F60680028D1
:10478000F3D0012067E718BCBDE8E08F2DE9FF5F9B
:104790001D46934604464FF001090E9EFEF7B6FDF6
:1047A000074694F85D006168012806D0B1F5827F64
:1047B00039D1A168B1BB042835D1019800287CD03B
:1047C000BBF1000FFBD0002DF9D094F85C0001285C
:1047D00029D04FF0010A84F85CA094F85D00042809
:1047E00002D0052084F85D004FF00008C4F8608016
:1047F000C4F840B0A4F84650A4F844500199A1630D
:10480000E587A587C4F84C80C4F85080E0684FF471
:10481000E061884201D8012D09D92068426822F45C
:10482000805208E0FFE7022004B000F0E8B82068FA
:10483000426842F48052426020680268520603D403
:10484000026842F040020260E0688842606846D92F
:1048500008B1012D3BD1A06B01882068C160A06B1D
:10486000801CA063E08F401EE08730E020688168F4
:1048700089070FD5E18F69B1B9F1010F0AD1A16B99
:104880000988C160A06B801CA063E08F401EE08798
:104890004FF0000920688168C90711D0B4F84610AC
:1048A00071B1C068216C0880206C801C2064B4F851
:1048B0004600401EA4F8460000E09EE04FF00109CB
:1048C000FEF724FDC01BB04201D3701C74D1E08FF1
:1048D0000028CBD1B4F846000028C7D175E008B154
:1048E000012D6BD1E08F0128A06B08D921680088C9
:1048F000C860A06B801CA063E08F801E07E0216869
:1049000000780873A06B401CA063E08F401EE08716
:1049100054E02068816889071AD5E18FC1B1B9F1E7
:10492000010F15D1E18F0129A16B07D90988C16059
:10493000A06B801CA063E08F801E06E009780173E5
:10494000A06B401CA063E08F401EE0874FF0000981
:1049500020688168C90728D0B4F8461029B3B4F894
:104960004610012914D9C068216C0880206C801C75
:104970002064B4F84600801EA4F84600B4F846004F
:10498000012810D82068416841F4805141600AE054
:10499000007B216C0870206C401C2064B4F8460039
:1049A000401EA4F846004FF00109FEF7AFFCC01B03
:1049B000B04202D3701C01D012E08EB1E08F00280B
:1049C000A7D1B4F846000028A3D13A463146204684
:1049D00001F050FA50B12020206684F85C800CE091
:1049E00084F85DA084F85C8003201DE784F85DA056
:1049F00084F85C80206E0028F7D0012014E730BCDA
:104A0000BDE8C09F7047704770470000F0B590F850
:104A10003C20012A39D0012480F83C40022280F851
:104A20003D20026853689568194E1A4FB24201D072
:104A3000BA4204D123F4700C4B6843EA0C0323F010
:104A4000700C0B6843EA0C0353600268B24210D04A
:104A5000B2F1804F0DD0104B9A420AD00F4B9A42C0
:104A600007D00F4B9A4204D0BA4202D00D4B9A4263
:104A700004D1896825F080031943916080F83D4096
:104A8000002180F83C100846F0BD0220F0BD000077
:104A9000002C0140003401400004004000080040A8
:104AA000000C00400040014010B5040003D094F811
:104AB0003D0010B107E0012010BD002084F83C004B
:104AC000204600F023F8022084F83D00211D2068D4
:104AD00001F0FAFA012084F8480084F83E0084F8D6
:104AE0003F0084F8400084F8410084F8420084F8D4
:104AF000430084F8440084F8450084F8460084F8B4
:104B0000470084F83D00002010BD000008B5016892
:104B10001948B1F1804F14D0184A914220D1816DCB
:104B200041F002018165806D002200F002000090DA
:104B300005211D20FEF7BEFE1D20BDE80840FEF742
:104B4000ABBE816D41F001018165806D002200F0F6
:104B50000100009005211C20FEF7ACFE1C20ECE7B4
:104B6000074A914207D1816D41F010018165806D46
:104B700000F01000009008BD00100240000400404A
:104B80000010004090F83D10012901D0012070472D
:104B9000022180F83D1000681149884211D0B0F11F
:104BA000804F0ED00F4988420BD00F49884208D061
:104BB0000E49884205D00E49884202D00D498842EC
:104BC00007D181680C4A1140062906D0B1F5803F13
:104BD00003D0016841F0010101600020704700002E
:104BE000002C01400004004000080040000C004080
:104BF00000340140004001400700010090F83D10E2
:104C0000012901D001207047022180F83D10016880
:104C1000CA6842F00102CA6000681149884211D096
:104C2000B0F1804F0ED00F4988420BD00E49884218
:104C300008D00E49884205D00D49884202D00D495E
:104C4000884207D181680C4A1140062906D0B1F587
:104C5000803F03D0016841F00101016000207047EE
:104C6000002C01400004004000080040000C0040FF
:104C700000340140004001400700010001680A6A59
:104C8000074B1A4207D10A6A9B121A4203D10A68DB
:104C900022F001020A60012180F83D1000207047D7
:104CA0001111110070B5044690F83C000025012850
:104CB00017D0012684F83C60022084F83D00226869
:104CC00090682F4B184020F47F409060086850286F
:104CD00038D00DDC20284FD005DC90B3102811D13E
:104CE0004AE0022070BD302846D040280AD13BE07F
:104CF00060282FD070280DD0B0F5805F03D0B0F5BC
:104D0000005F12D0012584F83D60002084F83C004B
:104D1000284670BDCB68D1E90121206801F045FA31
:104D20002068816841F0770109E0CB68D1E9012171
:104D3000206801F03AFA2068816841F4804181607E
:104D4000E1E719E0CA684968206801F041FA50219A
:104D5000206806E0CA684968206801F0B7FA602157
:104D6000206801F02CFACEE7CA684968206801F093
:104D70002FFA40212068F4E7226801461046F0E748
:104D800088FFFEFF70B52C4A0168914211D12B4C6F
:104D9000217801290DD1017F01290BD0022908D1E9
:104DA000217D012905D1042100F0F8FAE0610220FB
:104DB000207570BD002100F0F1FA217D0125F1B1CF
:104DC0000229F6D12062D4E906128A42A2EB01033D
:104DD00001D203F580339042A0EB020201D202F52A
:104DE00080328842A0EB010101D201F580319A1A8C
:104DF00000D552428B089A4204D925751AE0A06169
:104E0000257570BD4808A168421AE168A0EB010150
:104E100000D55242002900DA49422369002093421A
:104E200001D3012002E08B4200D3022001F03CFFBD
:104E30002575206AA06170BD002C0140604A0020E9
:104E40002DE9F041054690F83C0000260C4601286B
:104E500010D0012085F83C0072B1042A1CD0082A29
:104E60002CD00C2A5AD00126002085F83C00304670
:104E7000BDE8F0810220FBE7D4E90012E36828686E
:104E800001F0D4F92868816921F00C01816128685A
:104E90008169A26811430FE0D4E90012E368286831
:104EA00001F034FA2868816921F440618161286841
:104EB0008169A26841EA02218161D5E72868D4E9C5
:104EC000002CE768036A016A21F4807101622A49B3
:104ED000884202D02949884203D1016A21F48061C5
:104EE0000162C16923F4206321F0030141EA0C014E
:104EF00021F0F00C39074FF420674CEA116107EA02
:104F000002221A43C16102622868C16921F00C01C2
:104F1000C1612868C169A26811432AE02868D4E900
:104F20000027E168036AD0F820C02CF4805CC0F848
:104F300020C0D0F81CC023F420432CF4407C4CEA61
:104F400007274FF6FF7C27F470470CEA01313943FD
:104F50004FF4204707EA02321A43C161026228680F
:104F6000C16921F44061C1612868C169A26841EA50
:104F70000221C16178E70000002C014000340140AB
:104F800010B5040003D094F83D0010B107E00120F3
:104F900010BD002084F83C00204600F023F80220D9
:104FA00084F83D00211D206801F08EF8012084F86E
:104FB000480084F83E0084F83F0084F8400084F8FC
:104FC000410084F8420084F8430084F8440084F8E7
:104FD000450084F8460084F8470084F83D0000202E
:104FE00010BD000010B586B0044614216846FBF7DA
:104FF00057FC17492068884227D11648016E41F4B2
:1050000000610166016E01F400610591C16C41F01F
:105010000101C164C06C694600F0010005904FF4C5
:105020004070009002200190002002900390012027
:1050300004904FF09040FEF74FF8002205211B200E
:10504000FEF738FC1B20FEF727FC06B010BD000061
:10505000002C01400010024030B50446002571B11B
:10506000042911D0082914D00C2917D0102918D0E0
:1050700094F8430094F84720012817D114E094F8DD
:105080003E0094F84420F7E794F83F0094F8452058
:10509000F2E794F8400094F84620EDE794F84100D8
:1050A000E8E794F84200E5E7012A01D0012030BD8D
:1050B000022079B1042916D008291DD00C294CD022
:1050C00010294DD084F8430084F847000C294AD0B9
:1050D000012540E084F83E0084F844002068C2685E
:1050E00042F0020210E084F83F0084F84500206896
:1050F000C26842F0040207E084F8400084F84600E9
:105100002068C26842F00802C2600122206801F0F3
:105110003FF817492068884211D0B0F1804F0ED077
:10512000144988420BD01449884208D01349884258
:1051300005D01349884202D01249884207D18168BC
:10514000114A1140062906D0B1F5803F03D001680D
:1051500041F001010160284630BD84F84100B3E709
:1051600084F84200B0E72068C26842F01002CBE742
:10517000002C01400004004000080040000C0040EA
:1051800000340140004001400700010070B50D00EF
:1051900004464FF0000607D0042D0AD0082D0DD08C
:1051A0000C2D10D0012633E02068C16821F00201E7
:1051B0000DE02068C16821F0040108E02068C168A2
:1051C00021F0080103E02068C16821F01001C160EE
:1051D00000222946206800F0DBFF2068016A154A9A
:1051E000114207D1016A9212114203D1016821F0E4
:1051F0000101016001206DB1042D0ED0082D0FD0EA
:105200000C2D11D0102D12D084F8430084F84700E3
:10521000304670BD04F83E0F04E004F83F0F01E093
:1052200004F8400FA071F3E784F84100EEE784F83A
:105230004200EBE7111111002DE9F041044600682E
:10524000C66805694FF00007A90713D5B10711D546
:10525000F91E0161012020772068806980072046BF
:1052600002D0FFF78FFD04E000F08BF8204600F03D
:1052700089F82777680716D5700714D521686FF06D
:1052800004000861022020772068806910F4407FC4
:10529000204602D0FFF776FD04E000F072F82046C9
:1052A00000F070F82777280715D5300713D5216847
:1052B0006FF008000861042020772068C06980072B
:1052C000204602D0FFF75EFD04E000F05AF82046C9
:1052D00000F058F82777E80616D5F00614D52168AF
:1052E0006FF010000861082020772068C06910F472
:1052F000407F204602D0FFF745FD04E000F041F872
:10530000204600F03FF82777E80708D0F00706D0DE
:1053100021686FF001000861204600F035F828068A
:1053200001D4A80408D5300606D521686FF40250D0
:1053300008612046FFF767FBE80508D5300606D56B
:1053400021686FF4807008612046FFF75BFB6806F8
:1053500008D5700606D521686FF040000861204628
:1053600000F031F8A8060AD5B00608D521686FF01C
:10537000200008612046BDE8F041FFF745BBBDE8CD
:10538000F08170477047000000680349884201D1EE
:10539000FEF704BA704700000014004002460020E7
:1053A00041B1042909D008290AD00C2901D110687B
:1053B000006C70471068406B70471068806B7047D6
:1053C0001068C06B704770477047704770470000A7
:1053D0002DE9F04102680446D0691168936840F6EF
:1053E0000F0528424FF000054FF0020605D1870651
:1053F0007ED58F067CD5A16E33E1DFF894C203F031
:10540000010701EA0C0C57EA0C0C71D05FEAC07C72
:105410000CD05FEAC15C09D54FF0010CC2F820C086
:10542000D4F8842042F00102C4F88420820709D510
:10543000DA0707D022681662D4F8842042F004020A
:10544000C4F8842042070AD5DA0708D0236804226A
:105450001A62D4F8842042F00202C4F884200207C1
:105460000CD501F020023A4308D0236808221A62C2
:10547000D4F8842042F00802C4F8842002050BD539
:105480004A0109D523684FF400621A62D4F88420D7
:1054900042F02002C4F88420D4F88420002A36D0B8
:1054A000800605D5880603D5A16E09B12046884738
:1054B000D4F8840021688968490602D410F0280FC6
:1054C00027D0204601F009F82068806840061BD5E7
:1054D0002068083050E8001F21F0400140E8001229
:1054E000002AF5D1606F78B16A498163606F00E08E
:1054F00015E0FDF7B2FC002809D0606F816B00E079
:105500002046BDE8F04108472046FFF75FFFBDE8B1
:10551000F0812046FFF75AFFC4F88450F7E7D4F82B
:1055200060C02027BCF1010F7ED15FEAC06C7BD543
:105530005FEAC16C78D51020106220688068400650
:105540004FD5616F0A6850680004000C3DD0B4F874
:105550005830834239D9A4F85A0008680068800698
:105560002BD4206850E8001F21F4807140E800121D
:10557000002AF6D12068083050E8001F21F0010110
:1055800040E80012002AF5D12068083050E8001FDA
:1055900021F0400140E80012002AF5D1C4F88070E3
:1055A0002566206850E8001F21F0100140E8001235
:1055B000002AF6D1606FFDF72AFC6666B4F8580041
:1055C000B4F85A10401A81B207E0B4F8581081427A
:1055D0009DD1106880069AD566662046FFF7F4FED6
:1055E00095E7B4F85800B4F85A10401A81B2B4F8EC
:1055F0005A0000288BD0002989D0226852E8000F79
:1056000020F4907042E80003002BF6D120680830A7
:1056100050E8002F22F0010240E80023002BF5D1D2
:10562000C4F88070256600E00AE0A566226852E8AA
:10563000000F20F0100042E80003002BF6D1CBE76A
:10564000C60209D55B0207D54FF4801010622046D0
:10565000BDE8F041FFF7B9BE020606D50A0604D53B
:10566000E16E00297FF44CAF51E74006B8D54806FB
:10567000B6D52046026852E8001F21F0400142E8FA
:105680000013002BF6D1C767C56600F0BCF83EE7F3
:1056900020010004D164000810B5040002D0E06FBE
:1056A00010B107E0012010BD002084F878002046EA
:1056B00000F026F82420E0672068016821F001014D
:1056C0000160606A10B1204600F04AFE204600F0FA
:1056D0002BFF0128E7D02068416821F49041416008
:1056E0002068816821F02A0181602068016841F00A
:1056F000010101602046BDE8104000F095BE0000A9
:1057000010B586B0044614216846FBF7C9F80F4867
:10571000844218D10E48C16C41F00101C164C06CD3
:10572000694600F0010005904FF4C060009002202F
:1057300001900020029003200390072004904FF076
:105740009040FDF7C9FC06B010BD0000AC4300203E
:10575000001002402DE9F84F0446C06F98461546E8
:105760000E46202802D0022000F04AB886B37DB34E
:105770000020C4F884004FF02109C4F87C90FDF7A4
:10578000C5FDA4F850508246A4F85250A068B0F568
:10579000805F01D1206910B13546002600E0002568
:1057A0005FF02007B4F8520053464FF00002CDF8E6
:1057B0000080D0B18021204600F0DAFFD0B94DB191
:1057C00015F8010B21688862E16F39EA010006D003
:1057D0000120C9E736F8020BC0F30800F2E7B4F87D
:1057E0005200401EA4F85200DCE74021204600F0A1
:1057F000BFFF10B1E7670320B6E7E7670020B3E714
:1058000018BCBDE8E08F7047FEE701688A69D243A3
:10581000920701D400228A6200688169C943C907DE
:1058200003D0816941F00101816170472DE9F047A2
:105830000446006889460026816935461746C90630
:105840004FF0200841D51021C1612FE0B9F1FF3F91
:105850002CD0FDF75BFDC11B494502D8B9F1000F03
:1058600024D12068416894F8422001F48041836982
:10587000DB431B0415D4B1F5804F12D0202A10D081
:10588000416841F480414160FDF740FD074608E072
:10589000FDF73CFDC01B192803D945F02005012662
:1058A00004E020688069C0438006F1D420688069E4
:1058B000C043800602D5002EC8D003E016B9216887
:1058C000C1F81C8045F00405012621688869C205DD
:1058D00005D54FF4807245F00105CA6101264105E6
:1058E00009D522684FF4806145F00805D161012691
:1058F000800502D40AE0800507D521684FF40070C6
:1059000045F00205C861012600E086B12046FFF798
:105910007CFF54F8240B4168064A11404160206A1C
:105920002843206284F81D800020A077207730462D
:10593000BDE8F08700E800FE2DE9F843044616466E
:10594000DDE9089714489846DAB200900023204613
:1059500000F056F83A464946204600F0D1F8B8B96A
:10596000F5B2B8F1010F08D02168300A88623A46D2
:105970004946204600F0C4F850B9206885624B467D
:10598000002240212046009700F052F8002800D065
:105990000120BDE8F8830000002000802DE9F843D5
:1059A0000446164615489846DDE90897DAB2C30260
:1059B0000090204600F024F83A464946204600F080
:1059C0009FF8B8B9F5B2B8F1010F08D02168300AD4
:1059D00088623A464946204600F092F850B920685D
:1059E00085624B46002280212046009700F020F877
:1059F000002800D00120BDE8F883000000200080CE
:105A000010B5C1F3090141EA02410268029C194341
:105A10002143506821F000414FF4806303EA54535E
:105A2000024C234398430843506010BDFF63FF03BB
:105A30002DE9F0411D4617460E460446DDF8188054
:105A400027E0424629462046FFF7F0FE10B101202C
:105A5000BDE8F081681C1CD0FDF758FCA0EB0800E5
:105A6000A84200D8ADB92068806936EA00000ED09F
:105A70000020B8420DD154F8440F40F0200044F803
:105A80000409202060700020A0702070DFE7012052
:105A9000EFE72068806936EA000004D00020B842B1
:105AA000CFD00020D4E70120F9E770B516460D46A7
:105AB00004461EE0324629462046FFF7B7FE08B1ED
:105AC000012070BDFDF722FC801BA84200D885B9DB
:105AD00020688069C04380060BD554F8440F40F01D
:105AE000200044F80409202060700020A07020707D
:105AF000E6E720688069C0438006DBD4002070BDE3
:105B000070B516460D46044620E03246294620462A
:105B1000FFF78CFE08B1012070BD681C16D0FDF7A0
:105B2000F5FB801BA84200D885B920688069C04376
:105B300080070BD554F8440F40F0200044F80409C6
:105B4000202060700020A0702070E4E72068806949
:105B5000C0438007D9D4002070BD00EB8100006EE7
:105B600000F0F84070478068C0F3C000704780685C
:105B7000C0F3800070478068C0F380007047C06841
:105B800010F4406F01D000207047012070470423BB
:105B900003EAD15310B518444369C1F304510724F3
:105BA0008C40A3438A401343436110BD00EB810046
:105BB000016E21F00041114301667047FEE7FEE7E8
:105BC000704770472DE9F041444C05468846E0682F
:105BD0000026810728680DD0E16801F003018142A9
:105BE00016D1A8B1E0686968C0F30210401C884271
:105BF0000ED120E0012804D0022805D0032807D1C7
:105C000008E02168890701E021684905002907DBD0
:105C100001265FE02168890302D421684903F5E782
:105C2000E1686A686FF00F0321F0730103EB021261
:105C300011430143E160206820F080602060FDF79F
:105C400065FB074605E000BFFDF760FBC01B0228AF
:105C500037D820680001F7D4B8F1000F18D0B8F198
:105C6000010F1ED0287D4FF07E41400801EB4060BF
:105C7000A96840EA01202169194A114008432061BE
:105C8000206840F080602060FDF740FB07461AE086
:105C9000A868E9680002090940EA41402169114AFF
:105CA000EBE7288A1049400801EB4050A96840EA18
:105CB000012021690D4AE0E7FDF728FBC01B0228FF
:105CC00001D9032606E020680001F5D52069A969FD
:105CD000084320613046BDE8F0810000001002401A
:105CE000FF80FFF9FF80FDFF0000E0FFFF809FFFC6
:105CF0002DE9F0413D4C06468846E06800258107C5
:105D000030680DD0E16801F00301814216D1A8B1DD
:105D1000E0687168C0F30210401C88420ED120E098
:105D2000012804D0022805D0032807D108E0216803
:105D3000890701E021684905002907DB012551E0B9
:105D40002168890302D421684903F5E7E168726894
:105D50006FF00F0321F0730103EB021211430143B3
:105D6000E160206820F080502060FDF7CFFA074600
:105D700005E000BFFDF7CAFAC01B022829D8206839
:105D80008000F7D4B8F1000F15D0307C4FF07E4181
:105D9000400801EB4060B16840EA01206169144AA3
:105DA000114008436061206840F080502060FDF79A
:105DB000ADFA07460FE0B068F1680002090940EA51
:105DC000414061690B4AEBE7FDF7A0FAC01B0228CE
:105DD00001D9032506E020688000F5D56069716966
:105DE000084360612846BDE8F081000000100240D1
:105DF000FF80FFF9FF80FDFFF8B51C4D064600242B
:105E0000A86DC00002D5FDF7BBFD0DE0A86D40F008
:105E10008050A865A86D00F080500090FDF7B0FD9F
:105E2000A96D21F08051A965B0F5007F04D0802EC6
:105E300007D94FF003040AE0802E08D9A02E01D81C
:105E400004E001D1022402E0702E00D101240848B0
:105E5000016821F0070121430160006800F007009C
:105E6000A04201D00120F8BD0020F8BD0010024082
:105E700000200240F8B515460E460B460092044637
:105E800000224FF4C05100F019F888B933460022BF
:105E900080212046009500F085F848B9334600225D
:105EA0004FF4C0612046009500F008F8002804D0A7
:105EB000206E40F0200020660320F8BD2DE9FE4F43
:105EC0004FF0000A984617460E4604460C9D8DF882
:105ED00004A0FDF71BFA411BA8EB0105FDF716FA1C
:105EE000814620684FF4C06B0C3002902A4800684D
:105EF000C0EBC00000EB8000000D6843009016E08E
:105F00005E4506D12FB9029800788DF804009DF8FF
:105F10000400B8F1FF3F0AD0FDF7F8F9A0EB090043
:105F2000A8420CD25DB1009898B3401E0090206842
:105F300080683040B842E3D1002000F02FB82068DC
:105F4000416821F0E00141606068B0F5827F0BD1CB
:105F5000A068B0F5004F02D0B0F5806F04D1206882
:105F6000016821F040010160A06AB0F5005F09D12D
:105F70002068016821F4005101602068016841F443
:105F800000510160012084F85D0084F85CA00320CA
:105F9000D3E7FFE70025CAE70C0000201EBCBDE8E0
:105FA000E08F00002DE9F8431E46914688460446DE
:105FB000089DFDF7ABF9401B351AFDF7A7F9074619
:105FC00026480068C0F3CB3068430AE0701C09D053
:105FD000FDF79CF9C01BA8420FD275B10098B8B369
:105FE000401E00902068816838EA010033D000210B
:105FF0004945EBD10020BDE8F8832068416821F0D5
:10600000E00141606068B0F5827F0BD1A068B0F517
:10601000004F02D0B0F5806F04D12068016821F0F4
:1060200040010160A06AB0F5005F09D120680168F5
:1060300021F4005101602068016841F400510160C1
:10604000012084F85D00002084F85C000320D2E782
:10605000FFE70025C6E70121CAE700000C00002089
:1060600010B5502080F31188BFF34F8FBFF36F8FAF
:1060700003F0F8FB18B104494FF08050086000208D
:1060800080F3118810BD000004ED00E002480168B3
:1060900041F470010160704788ED00E010B502F036
:1060A00011FDBDE81040FFF7C7B810B502F00EFDB6
:1060B000BDE81040FFF7C0B810B502F00BFDBDE819
:1060C0001040FFF7B9B800002DE9F0470268284BEF
:1060D000284D294E294F2A4C4FF0804A984209D02A
:1060E000504507D0A84205D0B04203D0B84201D0F5
:1060F000A04204D122F0700C4A6842EA0C02DFF898
:1061000084C0DFF88480DFF8849098420FD0504537
:106110000DD0A8420BD0B04209D0B84207D0A0425F
:1061200005D0604503D0404501D0484503D122F455
:106130004075CA682A434D6922F080022A438D685F
:10614000C5620D688562984207D0A04205D06045BF
:1061500003D0404501D0484501D109690163016878
:1061600041F004010160012141610260BDE8F08756
:10617000002C01400004004000080040000C0040DA
:10618000003401400040014000440140004801400B
:1061900010B501F01F030121046A99408C43046289
:1061A000016A9A401143016210BD10B5846842EA49
:1061B000032224F47F440A432243826010BD826894
:1061C00022F070020A4342F007018160704700002C
:1061D00010B5036A046A24F0010404620E4CA04264
:1061E0000BD00E4CA04208D00D4CA04205D00D4C57
:1061F000A04202D00C4CA04203D1046A24F0040453
:106200000462846924F0F00444EA021423F00A02D0
:106210000A438461026210BD002C01400034014039
:10622000004001400044014000480140F0B5056ACB
:10623000046A24F0010404621C4E1D4FDFF874C090
:10624000B04209D0B84207D0604505D01A4CA042F0
:1062500002D01A4CA04203D1046A24F00404046260
:106260008469B0420FD0B0F1804F0CD0144EB042D0
:1062700009D0144EB04206D0134EB04203D0B842FB
:1062800001D0604503D124F00304144301E044F03D
:1062900001041A0724F0F00444EA126225F00A030C
:1062A00001F00A01194382610162F0BD002C014036
:1062B00000340140004001400044014000480140DA
:1062C0000004004000080040000C004010B5036AC4
:1062D000046A24F0100404620A4CA04202D00A4C62
:1062E000A04203D1046A24F040040462846923F0CC
:1062F000A00324F4704444EA023243EA01118261AB
:10630000016210BD002C01400034014030B5046A28
:10631000056A25F0100505620F4DA84202D00F4D09
:10632000A84203D1056A25F040050562856925F478
:10633000407545EA022222F470454FF6FF7202EAE8
:10634000033224F0A0032A43A02404EA01111943D4
:106350008261016230BD0000002C01400034014028
:1063600090F82410090706D501684A68436B22F4A7
:1063700000421A434A6090F82410C90706D0016809
:106380004A68836A22F400321A434A6090F8241063
:10639000890706D501684A68C36A22F480321A4325
:1063A0004A6090F82410490706D501684A68036BD3
:1063B00022F480221A434A6090F82410C90606D5B8
:1063C00001688A68836B22F480521A438A6090F8CD
:1063D0002410890606D501688A68C36B22F400522E
:1063E0001A438A6090F82410490611D501684A685A
:1063F000036C22F480121A434A60016CB1F5801FCD
:1064000006D101684A68436C22F4C0021A434A600C
:1064100090F82410090606D501684A68806C22F4B9
:10642000002202434A6070472DE9F84300260446E3
:10643000C0F88460FCF76AFF8046206800684FF06F
:10644000200500076FF07E4712D54346002229043D
:106450002046009700F08CF950B1216851E8000FF8
:1064600020F0800041E80002002AF6D1E56721E033
:1064700020680068400722D5434600224FF480017F
:106480002046009700F074F9C8B1216851E8000F68
:1064900020F4907041E80002002AF6D1206808300C
:1064A00050E8001F21F0010140E80012002AF5D158
:1064B000C4F8805084F878600320BDE8F883E5676D
:1064C000C4F8805044F8606F666026760020F4E7D8
:1064D00010B5806AFEF77AFF10BD016851E8002F01
:1064E00022F4907241E80023002BF6D101680831B4
:1064F00051E8002F22F0010241E80023002BF5D1E2
:10650000016E012908D1026852E8001F21F0100134
:1065100042E80013002BF6D12021C0F880100021A2
:1065200001668166704700002DE9F041044601686C
:1065300080682269E3691043626900251A431043A9
:10654000814F0A68814B1A4002430A602068416803
:10655000E26821F44051114341602168A069B942C9
:1065600001D0226A10438A6822F4306202438A60B2
:106570007749226877488A420DD1D0F8880010F018
:10658000030006D0012866D0022854D0032851D138
:1065900063E001204FE070498A420BD1D0F88800B7
:1065A00010F00C0047D0042845D0082851D00C2802
:1065B00040D152E069498A420BD1D0F8880010F0EE
:1065C000300038D0102846D0202842D0302831D191
:1065D00043E063498A420BD1D0F8880010F0C00034
:1065E00029D0402837D0802833D0C02822D134E0A9
:1065F0005C498A420ED1D0F8880010F440701AD05D
:10660000B0F5807F27D0B0F5007F22D0B0F5407F75
:1066100010D122E0BA420DD1D0F8880010F44060C9
:1066200009D0B0F5806F16D0B0F5006F11D0B0F57D
:10663000406F12D010204C4900264FF40043BA425C
:106640002ED160B102280DD004280DD008286FD1BA
:106650000EE00220EFE70420EDE70820EBE7FDF76E
:1066600031FC03E00B4603E0FDF750FC030060D073
:10667000626802EB420098425AD8B3EB023F57D807
:10668000190E1B025008181871410023F9F7B2FEC9
:10669000364AA0F5407191424AD82168C86048E066
:1066A000E2694FF6EF779A4227D1092840D2DFE816
:1066B00000F005080D3F213F3F3F0E00FDF702FCB3
:1066C00001E0FDF711FC030001D132E00B466068E8
:1066D000590001EB5001B1FBF0F0A0F11001B942FB
:1066E00026D84FF6F0710140C0F342000143206804
:1066F000C1601EE0FDF70AFCE5E7092818D2DFE8D3
:1067000000F005080D171D1717170E00FDF7DAFB2F
:1067100001E0FDF7E9FB030001D10AE00B466068E8
:1067200003EB5001B1FBF0F0A0F11001B94208D920
:106730000125A6662846E666BDE8F081FDF7E6FB82
:10674000E9E780B2A9E7000000800040F369FFEFAD
:106750000038014000100240004400400048004062
:10676000004C0040005000400024F400FFFC0F00EB
:106770002DE9F047994617460D4604464FF00008AC
:10678000089E33E0701C31D0FCF7C0FDA0EB09007F
:10679000B04218D8BEB120680168490726D5802DBF
:1067A00024D0402D22D0C169C94309070DD4082542
:1067B00005622046FFF791FEC4F8845084F8788083
:1067C0000120BDE8F0870320FBE7C069C043000556
:1067D0000CD421684FF4006008622046FFF77DFE6C
:1067E0002020C4F8840084F87880ECE72068C06931
:1067F00035EA000004D00020B842C3D00020E0E712
:106800000120F9E710B502F09BF9BDE81040FEF752
:10681000DFBDFEE703B401984100009850EAC120B3
:1068200018BF04204A0D18BF40F0010040F2FF726B
:10683000B2EB515F08BF40F00200012808BF0520FD
:1068400002B070470907090E002804DB00F1E020C0
:1068500080F80014704700F00F0000F1E02080F88D
:10686000141D704730B589B0002406940794182190
:1068700068460894FAF714F81E481D49042501607B
:106880004FF48021C0E90114C460C0E904450476D6
:1068900044760121C16180F820404FF4E8628262B1
:1068A0008A02C26280F83010446380F83840FCF7F6
:1068B000C7F808B1FBF7D0FC06A90E480694FBF711
:1068C000D3FC08B1FBF7C8FC0B4800900620CDE9CB
:1068D00001047F200594CDE9030569460548FBF7CF
:1068E00041FD002801D0FBF7B7FC09B030BD000026
:1068F00000000450644400204000201930B587B0E7
:1069000018216846F9F7CCFF19481849002401609E
:106910004FF48021C0E901140425C460C0E9044596
:10692000047644760121C16180F820408462C4620B
:1069300080F83040446380F83840FCF781F808B1B3
:10694000FBF78AFC0B4800900620CDE901047F206C
:106950000594CDE9030569460548FBF703FD0028CA
:1069600001D0FBF779FC07B030BD000000010450F6
:10697000C84400200002B025084900204A78012AB6
:1069800000D1D0020978012904D0022901D140F0B8
:106990002800704740F0020070470000A00000206F
:1069A000024800218180012101707047AC00002065
:1069B00002494FF48070888070470000AC000020CE
:1069C00010B503460849002000EB400201EBC20469
:1069D00024791CB151F832209A4204D0401CC0B234
:1069E0000228F1D3022010BD3444002070477047C4
:1069F000704730B59FB0044601F01AFC0546207878
:106A0000A84241D1E07800283ED001283CD002289D
:106A10003AD0032838D101F05BFC61788DF8001082
:106A20008DF8015003218DF8021005218DF8031017
:106A300021798DF8041008218DF8051001788DF862
:106A4000061001881EAB090A8DF8071001686A4616
:106A5000090C8DF808100168090E8DF809100179EC
:106A60008DF80A108188090A8DF80B104168090C0D
:106A70008DF80C1040685021000E8DF80D0000209C
:106A80001E900AA802F007F91FB030BD704770478A
:106A9000134810B5114901601249416000210122DB
:106AA000C0E90212016141618161C1610162FCF7CB
:106AB00087FC08B1FBF7D0FB00210948FCF72CFC50
:106AC00008B1FBF7C9FB00210548FCF750FC002882
:106AD00003D0BDE81040FBF7BFBB10BD0054004021
:106AE000D8450020E49CD11030380A2801D201207A
:106AF000704700207047000070B5204C0546D4F860
:106B0000B800281A282815D3C4F8B85001F05AF84C
:106B10004CF2503188420DD9002024F8A40F2946A8
:106B2000608024F8580C24F8560CBDE87040012011
:106B300000F02ABC01F082FB411C4FF47A6200D1C4
:106B400010466168691A814201D2914214D301F062
:106B50006DF834F8A41F002000F0D0FF61880120F8
:106B600000F0CCFF002000F0B5FF01202076E561A9
:106B700084F820002835656270BD0000A04B00201D
:106B800038B5184C0546D4F8C000281AB0F5FA6F8D
:106B900012D3012001F002F894F8B0000090B4F88C
:106BA000A61034F8A40F41F28833282201F014F91A
:106BB00002202076E56138BDD4F8C800281AFAD43E
:106BC00094F8C40020B1012000F084FF002003E00D
:106BD000002000F07FFF012084F8C4002835C4F8AD
:106BE000C85038BDA04B002070B586B0054601F0F6
:106BF000EDF82C4C022815D0032837D101F030F9DC
:106C000094F8CC00A0B3002024F8A40F294660809B
:106C100024F8580C24F8560C06B00120BDE870404A
:106C200000F0B2BB684601F02BF900281ED19DF898
:106C30000510080901F00F01032817D1002915D10B
:106C40009DF80700042811D3BDF80810B4F8A4205B
:106C5000BDF80A008A4209D1B4F8A610814205D1D4
:106C600001F0FEF82946052000F08EFB06B070BD4D
:106C7000FFE7012684F8CC600020A43400F08EFFEA
:106C80002188002000F03AFF6188012000F036FFE3
:106C9000002000F01FFF2676E56184F8206028358B
:106CA0006562E3E7A04B00202DE9F0410646FCF7C2
:106CB0002DFB054686B1204C4FF00008012794F8C3
:106CC0002C00B8B1B04219D0A16A691A19292BD386
:106CD00094F8301021B127E0BDE8F04100F0CEB8C3
:106CE000012801D0012000E0002000F027F884F8FE
:106CF000307019E084F82C60E78502E0E08D401CDC
:106D0000E085A06A616A281A814213D819280BD33A
:106D100094F8300040B994F82C00012801D00120EB
:106D200000E0002000F00AF8A56284F82C60E785F6
:106D300084F83080BDE8F081604A00202DE9F04100
:106D40004D4C012294F8331030B194F8320002FA1D
:106D500001F3184384F83200491CC8B284F83300A8
:106D600008285ED3444E94F8317094F8320006211E
:106D7000022339360025082F50D2DFE807F0040936
:106D800013171B293B4CFF2848D184F8312045E0DC
:106D900084F8350094F83410000981423CD184F81D
:106DA00031303BE084F83600032031E084F83700CE
:106DB00004202DE084F838000A282DD828B10520B9
:106DC00084F83100A4F8465028E084F8311025E01A
:106DD000B4F846209055B4F84600401C80B2A4F8A0
:106DE000460094F83820904218D384F8311084F883
:106DF000485013E0204994F848204331505494F807
:106E00004800401CC0B284F84800022806D307207E
:106E100084F8310002E030B100F042F804F8325F4B
:106E20006570BDE8F081082084F8310004F8243B47
:106E3000002001F06BFE0021092001F0F9FC34F87C
:106E4000220CA08534F8200CE085607C84F83000AA
:106E5000A07C84F83100E07C84F832000648227D72
:106E600084F8332031465830F9F7CDFCB4F81F00D0
:106E7000E087243CD2E70000604A002070B5074C50
:106E8000002504F8145FFCF741FA606125766583FC
:106E90002577BDE8704000F003B80000604A00208C
:106EA0000448002100F8311F41708170A0F81510CE
:106EB000C1757047604A00202DE9F047354C00222B
:106EC00085B0B4F8AE308A46323311469BB26D4677
:106ED00004EB4106B6F85060B34202D2A954521CEA
:106EE000D2B2491CC9B21329F2D3022A04D24FF0FC
:106EF000FF3005B0BDE8F0879DF8001001230DE0DC
:106F0000EE5C04EB410C04EB4607BCF850C0B7F84C
:106F10005070674500D931465B1CDBB29342EFD31A
:106F200001EBC1037D2703EB011307EB4303038050
:106F30004FF00009FF264B461BE0E85C884216D064
:106F400002D9A0EB010C01E0A1EB000C0CF0FF0C4E
:106F50004FF032081CFB08FCBCF1960F07D304EB82
:106F6000400CBCF850C0CC4501D9E14606465B1C3C
:106F7000DBB29342E1D3FF2E09D006EBC60000EB53
:106F8000061007EB4001AAF800100020B1E76FF0EF
:106F90000100AEE7A04B0020124810B51049016077
:106FA0004FF48271416000214FF4E062C0E90212A7
:106FB0000222C0E90421120282612022C0E90721D5
:106FC00007224162C0E90A12016308214163FDF70B
:106FD0007BFA002803D0BDE81040FBF73DB910BD97
:106FE000003001407445002010B500F01FFE002065
:106FF00001F08CFDBDE81040002001F0A3B810B5F1
:1070000000F014FE002001F081FDBDE810400520D5
:1070100001F098B838B500F009FE002001F05EFDDF
:107020000E4C94F8B00001F0BDFE94F8AC0021467F
:10703000012811D0A831088848B1498839B194F89D
:10704000B020009241F28833282200F0C5FEBDE84E
:107050003840042001F076B8A431ECE7A04B0020C2
:1070600010B5044600F012FE002001F04FFD074964
:107070000020012241F8B84F08718C600A7308752E
:10708000BDE81040032001F05DB80000A04B0020D7
:1070900010B5044600F0CAFD002001F037FD0E488F
:1070A000816F19B904F25231C0E91E41002100F884
:1070B000801F283444607D24084600F06FFD21467F
:1070C000002000F01BFD002000F004FDBDE8104092
:1070D000012001F037B80000A04B002010B500F0EF
:1070E000D5FD002001F012FD26210648F9F7D8FB56
:1070F0000448002150388167C167BDE81040022074
:1071000001F020B8F04B002010B50446012000F03B
:1071100045FD00F0BBFD26210A48F9F7C1FB0949EE
:107120000020503941F8884F087188600873086161
:107130008882C88208838876BDE81040022001F06A
:1071400001B80000F04B002010B500F06FFD0020EA
:1071500001F0DCFCBDE81040002000F0F3BF7047F8
:107160007047000010B590B0044600F02FFE0228D2
:1071700002D0032831D032E00AA800F081FE58BBCB
:107180009DF82C0001098DF8001000F00F008DF81B
:1071900001009DF82D0001098DF8021000F00F008C
:1071A0008DF803009DF82E008DF804009DF82F2027
:1071B0008DF805200CA90DF10600F9F724FB9DF8C8
:1071C0000200102805D2124951F8201009B1684672
:1071D0008847002000F056FA01E000F041FE0D481B
:1071E000017A0A0711D489070FD4D0F8B400002817
:1071F0000BD0201A40F6B831884206D310B0214691
:10720000BDE81040012000F0BFB810B010BD000074
:107210002C9B0008A04B00200449054A91F8BC10A3
:1072200052F82110002900D008477047A04B0020D9
:10723000209B000870B5184C0546D4F88400281A25
:107240001CD494F88000401CC0B284F8800013283D
:1072500011D200EBC00101EB00107D2101EB4001D8
:10726000002000F04BFC002000F034FC05F1280069
:10727000C4F8840002E0012000F090FCA06F40F20E
:107280005231281A884205D32946BDE870400320B0
:1072900000F07AB870BD0000A04B00200D4A916F3D
:1072A000002916D0401A40F25231884211D30020F2
:1072B0004FEA000102EB4103B3F850300BB1401C20
:1072C000C0B2491C1329F5DB00219167D16700F09A
:1072D00041BA7047A04B002010B5234A044692F8EB
:1072E0008C0070B101282ED1D2F8900040F6B83150
:1072F000201A88420FD3002001F008FC2146052007
:107300002EE0D2F8880041F28831201A88421AD340
:1073100000F08CFC22E092F8A200062813D392F829
:1073200094000023022812D2D2F8981061B1611A99
:10733000B1F5FA6F07D3401C82F8940042F8904FE1
:1073400093609374938110BDC2F8984010BD22F8E9
:10735000A83F538022F85C3C22F85A3C2146012089
:10736000BDE8104000F010B8A04B002010B5024658
:1073700000F0E0F9002805D1BDE8104011460120D9
:1073800000F002B810BD0000074A137883420AD00B
:1073900010705160082806D2044A52F82020002AB2
:1073A00001D0084610477047A04B00206C9B000896
:1073B00000B597B044216846F9F772FA142111A874
:1073C000F9F76EFA4FF40070FCF7A6FA08B1FAF775
:1073D00043FF0220C10103911021009004910A9003
:1073E0000121CDE90B010A210D910721CDE90E10F4
:1073F00010906846FCF7DCFD08B1FAF72DFF0F206E
:1074000011900320129000201390149015900421E5
:1074100011A8FCF795FC002801D0FAF71DFF17B062
:1074200000BD000010B588B000241F4805940694E4
:1074300004940094019402941A4903940160072172
:10744000C0E901144FF6FF71C0E90314446184617F
:10745000FDF796FD08B1FAF7FFFE0494059404A920
:1074600011480694FDF7D2FA08B1FAF7F5FE0120AB
:10747000CDE900400294002269460B480394FDF7D1
:10748000DFFC08B1FAF7E8FE02200090042269460A
:107490000548FDF7D5FC002801D0FAF7DDFE08B05D
:1074A00010BD0000002C01406442002010B588B0DF
:1074B00000241748009401940294039404940594C2
:1074C0004FF08041069401604F21C0E9011440F261
:1074D000E731C0E9031480218161FDF7E5FA08B1C5
:1074E000FAF7BAFE4FF48050009069460848FDF75D
:1074F000D9FB08B1FAF7B0FE049404A90448069435
:10750000FDF784FA002801D0FAF7A6FE08B010BDF6
:10751000B04200203EB500240F48009401940D496C
:10752000029401604F21C0E901146321C1608021F0
:107530008161FDF7B9FA08B1FAF78EFE20200090BC
:10754000694602940448FDF761FA002801D0FAF771
:1075500083FE3EBD001000404843002005494978A5
:10756000012903D0002800D0012070470028FBD05B
:1075700000207047A80000200D4910B50B4AC1E952
:107580000020002088600C22C860C1E904028861E4
:10759000C861086248620846FEF77EF8002803D0FA
:1075A000BDE81040FAF758BE10BD00000038014099
:1075B000AC43002008B5010A8DF800108DF80100D9
:1075C0000021082001F034F902230022694601203D
:1075D00001F006FA0121082001F02AF908BD000097
:1075E00010B500F0F1FF01F047F84FF4E131012050
:1075F00001F0AAFA01F00EF801F098FA00F068FF25
:10760000012001F0E7F9012001F02CF9104800F009
:1076100055FD0F4800F0FEFC0021084600F026FE54
:107620007621012000F042FC0A4800F0F9F900F050
:1076300037FE00F06FFB00F0B9F80F2000F03EF8C5
:1076400005A000F0D9FDBDE8104000F0CFB8000063
:107650000D33000840787D01556E64657247726F86
:10766000756E64206E6F646520626F6F74204F4B7F
:10767000202852544F53206F6E6C696E65290D0A95
:10768000000000000C490A7A30B1012807D0022816
:107690000CD0032806D10CE042F0010001E042F0DA
:1076A000020008720020C1F8B400704742F00400E4
:1076B000F7E742F00800F4E7A04B00207CB506464F
:1076C000D0211B48F9F7ECF8194C6420002584F808
:1076D000B060A4F8AE00A4F8A450A4F8A650A4F892
:1076E000A850A4F8AA5084F8AC50304600F0B6FD7B
:1076F00000F00CFD00F0F0FD00F0E6FCADF80050ED
:10770000ADF8045001A9684600F0E4FC38B9BDF8B2
:107710000000A4F8A400BDF80400A4F8A600FBF73C
:10772000F5FD014660600120FFF72EFE7CBD0000E4
:10773000A04B00200648007AC10707D1810705D475
:10774000410703D4000701D401207047002070478F
:10775000A04B00201CB50020ADF80000ADF80400DF
:1077600001A96846FFF7A8FB411C18D0801C16D061
:107770000D48BDF80020A0F84C20BDF80410A0F87A
:107780004E10A0F8A420A0F8A610012180F8AC109B
:10779000FBF7BCFD01460420FFF7F6FD1CBDFBF71F
:1077A000B5FD01460120F7E7A04B00200449002069
:1077B000086048608860C86002490860704700003F
:1077C000604B0020B800002006490A68821A07D4DE
:1077D0004EF6602202440A600349886000F0AEBDA4
:1077E00070470000B8000020604B002010B5094C25
:1077F0000021606801F0EAF9A168086018B906A0E4
:10780000216800F0F9FCBDE8104001210CA000F057
:10781000F3BC0000149B00086170705F7461736BAF
:107820003A204641494C454420746F20637265619B
:107830007465207461736B20272573270D0A00007F
:107840006170705F7461736B3A2025752074617389
:107850006B28732920637265617465640D0A0000EA
:107860002DE9F05F83465B485B495C4C40684FF014
:10787000000AC217411842F1FF30A1FB012300FBAF
:107880000133B4F9105001FB0038A2FB0537EE17A5
:1078900008FB057502FB0659B4F90E50A5FB017CE7
:1078A000EE1706FB01C605FB00656E0446EAD736F7
:1078B0007F04FB1846EB09061AEB0309B4F90A30FA
:1078C000B4F90C50A2FB037C46EBC5054FEAE37606
:1078D00008FB03C302FB0632B4F908604FEA172322
:1078E000A6FB01C84FEAE67707FB018106FB001003
:1078F0004FEA003143EA02634FEA0C3041EA1C517F
:10790000181841EB2222031CE18842F50042A3FB38
:10791000017602FB016103FB0A104210C31752EA11
:10792000030054D0CBF58010C117C907C60741EA40
:107930005001B6EB090640F63547A6FB070C61EB94
:10794000050101FB07C1002506FB0511F8F7C9FD7C
:10795000B4F91630420B42EAC142A3FB027CDD17A8
:1079600005FB02C54E1303FB0653A7FB025C03FB9A
:1079700002C207FB06236A0E42EAC3125D16B4F97F
:107980001430A3FB007CDE1706FB00C603FB016678
:10799000FB0C801843EA46336941C01841EBE641CD
:1079A0004FEA102242EA01624FEA2120B4F9121094
:1079B0004FEAE1734FEA031343EA11734FEA0111EF
:1079C00051185841020642EA112000F009B800207F
:1079D000FBE7000094000020000CFEFF384600206A
:1079E00030BCBDE8C09F00000C4902880A80428874
:1079F0004A8082888A80C288CA8002890A81428934
:107A00004A8182898A81C289CA81028A0A82428A1B
:107A10004A82828A8A82C08AC88270473846002099
:107A200070B5050004D01D4CA07820B1002070BDB9
:107A30004FF0FF3070BD0820656000F0B9FE0121F5
:107A4000082000F0F5FE4FF48070FFF7B3FD4FF40F
:107A5000C040FFF7AFFD4FF48040FFF7ABFD4FF4A0
:107A60002040FFF7A7FD4FF40040FFF7A3FD4FF4C0
:107A70004040FFF79FFD4FF46040FFF79BFD002063
:107A800060702070FEF778FFFFF794FD0120A07072
:107A9000294603A000F0B0FBC8E70000A0000020CA
:107AA0005B4144393833335D20696E6974204F4B34
:107AB0002C204D434C4B3D256C7520487A2C20469C
:107AC00053594E433D5043342C204D6F64653D3235
:107AD0000D0A0000084910B58A7812B120B10128BA
:107AE00002D04FF0FF3010BD4870FEF745FFFFF7A2
:107AF00061FD002010BD0000A000002070B504460C
:107B000019484FF0FF35807810B11CB1012C01D01D
:107B1000284670BD1448426811B1B1EB920F04D9E8
:107B2000920812A000F068FBF2E708460909000776
:107B30000023F8F75FFC012C12D04FF4804400BF03
:107B4000C0F30D012143C0F38D3041F400510443D3
:107B50000846FFF72FFD2046FFF72CFD002070BDE3
:107B60004FF40044ECE70000A00000205B414439E2
:107B70003833335D2066726571206F7574206F66CF
:107B80002072616E67653A20256C7520284D434C44
:107B90004B2F343D256C75290D0A000010B50446A5
:107BA0000748807840B1FEF7E7FE0CB140F0400096
:107BB000FFF700FD002010BD4FF0FF3010BD0000AA
:107BC000A0000020F0B51848ADF5497D40780028A8
:107BD00027D0684600F0C4F800284FF0000020D1FC
:107BE00000210A460B466C464FF4C87534F8126003
:107BF00030185941521CAA42F8D32A460023F8F7FC
:107C0000F9FB06460020014603462A4634F8135085
:107C10005B1CAF1BC7FB07019342F7D30023F8F7A8
:107C2000E9FB0DF5497DF0BDAC00002010B50A4C14
:107C3000607800280ED0A07800280BD0032000F038
:107C4000FBFE002000F0A6FC0020A07003A000F0C6
:107C5000D3FA002010BD0000AC0000205B4144437B
:107C60005F52494E474255465D2064697361626CBC
:107C70006564202854494D36202B20444D41207303
:107C8000746F70706564290D0A00000070B5114CA6
:107C900060786FF0010588B1A07808B1002070BD50
:107CA0004FF480610C48F8F7FBFD0020A0802070A5
:107CB0004FF40072084900F049FC08B1284670BD35
:107CC000032000F0A3FE0120A07004A000F094FAAD
:107CD000E4E70000AC000020604600205B41444324
:107CE0005F52494E474255465D20656E61626C6544
:107CF000642028444D41202B2054494D3620737474
:107D000061727465642C2066733D3130206B487A53
:107D1000290D0A0070B50E4C607808B1002070BDC6
:107D20000C49002000F000FC6FF0010520B90A4961
:107D3000002000F0E7FB08B1284670BD0020A080BD
:107D40002070A07001206070044800F055FAE5E74B
:107D5000AC000020B1690008A1690008AC9C0008D3
:107D60002DE9F04106461748417829B33EB3EFF3B9
:107D7000108572B680884FF4C8777030C0F3080061
:107D8000C0F50074BC4200D33C460F49620001EBD1
:107D900040013046F8F737FDBC4208D2C4F5C87040
:107DA0000004C20B06EB44000749F8F72CFD85F3ED
:107DB00010880020BDE8F0816FF00100FAE74FF075
:107DC000FF30F7E7AC000020604600200148007853
:107DD00070470000604A002070B51D46049E4FF0B9
:107DE000FF3468B161B188420AD002D9034608461F
:107DF00019462AB1184C237823B16FF0010070BDE9
:107E0000204670BD6080A180626206F00F0284F897
:107E10003420124AB2FBF0F0B2FBF1F1C4E90201E6
:107E2000884200D30846C0EB001040006421B0FB3C
:107E3000F1F02061FFF722F8FBF768FA2844E064CC
:107E40000121092000F0F4FC002000F047FE012091
:107E50002070002070BD0000604A0020404B4C00A4
:107E600010B5002000F052FE0021092000F0E0FCD7
:107E7000FFF704F801490020087010BD604A002097
:107E800010B530B1084C2178022905D06FF00100FF
:107E900010BD4FF0FF3010BD034914225031F8F7E8
:107EA000B2FC0020207010BD604A00202DE9F04196
:107EB000264C88B0002520706170A570E570D02236
:107EC00000F0E6FC0226582804D0A670E81E08B090
:107ED000BDE8F0812723F4226178207800F0F0FCDF
:107EE0006FF0010838BBA023F5226178207800F0FC
:107EF000E7FC00BB182101A8F8F7D2FC182000907D
:107F000001AB88226178207800F0B2FC01211827AB
:107F10000DF1040C0A4600201CF80030FF2B01D0A4
:107F2000002103B10022401CC0B2B842F4D3114377
:107F30004FF0010702D0A6704046C8E76046FFF741
:107F400053FDA770E5700020C1E7000094000020F9
:107F5000FEB504004FF000000190029050D02B4D70
:107F6000A878E8B30620009001ABF722697828785A
:107F700000F07EFC9DF804009DF80510000340EA27
:107F800001109DF806109DF8082040EA11119DF897
:107F90000700000340EA02109DF8092040EA121091
:107FA0001B4AC3101688B2F90270C6EB2010A3EB6F
:107FB00046034043B2F904207B430013DB125043D5
:107FC00003EBA030686000EB80008030001220607E
:107FD0000846FFF745FC6060A86800B1804700E0F4
:107FE00011E00121A0602173D4E90036084AE46859
:107FF000C2E90804C2E90636E970A9700020FEBD96
:108000004FF0FF30FEBD6FF00300FEBD9400002076
:108010003846002001498860704700009400002025
:108020002DE9F8434FF000060400ADF800604FF072
:10803000FF3105D0DFF87C8098F80000012802D0DD
:108040000846BDE8F88300F0FEF905000CD14FF4B6
:1080500048770A2000F008FD00F048FC40B168466F
:1080600000F098F905000FD000F098FD2846E8E7E9
:108070000A2000F0F7FC0A35BD42EDD36FF0020490
:1080800000F08CFD2046DCE788F801600A4EBDF860
:10809000000045463080D8F8040000B18047012137
:1080A00070603172A9703288228060602172002075
:1080B000C7E70000880000202C46002001494860E6
:1080C00070470000880000200149012008707047B7
:1080D000B400002030B50A4A4FF0FF33127832B1B5
:1080E00028B121B1074A084D1468AC4201D01846A6
:1080F00030BD93880380D0880880002030BD000008
:10810000B400002000F80F08515152460C4910B538
:10811000002008700146032000F08AFB00210420A3
:1081200000F086FB0021052000F082FB00210620E4
:1081300000F07EFB0021BDE81040072000F078BB76
:10814000B30000202B4910B50A78824250D0087045
:1081500006284BD2DFE800F04A03111C2634002128
:10816000032000F065FB0021042000F061FB0021EA
:10817000052000F05DFB012105E00121032000F056
:1081800057FB002109E0062000F052FB002128E007
:108190000021032000F04CFB0121042000F048FBEB
:1081A000002108E00021032000F042FB0021042010
:1081B00000F03EFB0121052000F03AFB0021E2E740
:1081C0000021032000F034FB0021042000F030FBEC
:1081D0000021052000F02CFB0021062000F028FBE8
:1081E0000121BDE81040072000F022BB0021C5E7B7
:1081F00010BD0000B30000200FB400B5A1B0229A5A
:10820000002A0FD023AB80216846F8F78FF90028A9
:1082100008DB802800D37F2082B2044869460078BA
:1082200000F0A4FC21B05DF814FB000090000020D9
:108230000148007870470000B2000020064800782E
:10824000FF2801D00F2802D94FF0FF307047C82116
:1082500010FB01F070470000B200002002490F2817
:1082600000D9FF2008707047B200002010B520B17F
:10827000012802D04FF0FF3010BD084C607009B1EA
:10828000012000E00020A070FFF768F901460020FF
:1082900000F0CEFA01202070002010BDA8000020C0
:1082A0000A4810B5017869B18178012908D0012107
:1082B00081700846FFF752F90146002000F0B8FA35
:1082C000002010BD4FF0FF3010BD0000A8000020BE
:1082D00000487047404B0020114910B50F48086016
:1082E0000E48CE38486000200EA20B18125C1A729D
:1082F0000CA2125C12B1401C0B28F5D30022CA74E8
:1083000010460BA30C181B5C237509A31B5C13B14F
:10831000401C0828F5D30A7710BD00008F283501CE
:10832000404B00204F63742020372032303236001B
:1083300031383A32343A34340000000030B587B076
:1083400000250495059504A80695FFF769FE104CD5
:1083500088B1207B20F001002073009501950295E3
:1083600068460395FFF7F4FD60B1207B20F0020022
:10837000207307B030BDBDF810002080207B40F096
:108380000100E9E701986060207B40F00200EFE720
:10839000604B0020FEB505006FF0030722D000F00F
:1083A000CEFA08B1B810FEBDCC2000F005FBBE200F
:1083B00000F002FB00246E4600F0B2FA3055641C57
:1083C000E4B2092CF8D301210A460020335CFF2BCC
:1083D00001D0002103B10022401CC0B20928F5D30E
:1083E000114301D03846FEBD082400216E460A46DE
:1083F0000020B35C81EA030717F0010F4FEA510137
:1084000001D081F08C01401C5B08C0B20828F1D378
:10841000521CD2B2A242EBD39DF80800884202D08F
:108420006FF00100FEBD9DF801009DF8001041EACB
:108430000020642110FB01F0C11700EB1170001146
:1084400028800020FEBD10B500F079FA10B14FF081
:10845000FF3010BDCC2000F0AFFA442000F0ACFAA1
:10846000002010BD09490120096809B100207047AA
:108470000749CA69002AF9D1044A28321268896872
:10848000491E8A42F3D102207047000028060020CE
:1084900010000020FAF73AFFFFF796F9642000F089
:1084A00089FBF7E7FBF782F9FFF79AF800F089FB01
:1084B000FEE701460020842900D0C81C7047000058
:1084C000004870476444002000487047C8440020BA
:1084D00070B5FEF7C7F90A480126A0F1300400255F
:1084E00020602671657125616561FEF707FA04F168
:1084F0009400A06126776577A5620020E56270BDD3
:1085000064440020022809D200EB4002054800EB39
:10851000C200027912B10161002070474FF0FF30B4
:108520007047000034440020022809D200EB4002CA
:10853000054800EBC200027912B14161002070478A
:108540004FF0FF30704700003444002070B502281F
:108550000DD261B15AB100EB40030D4800EBC304EA
:10856000257925B165792DB16FF0040070BD4FF00C
:10857000FF3070BDC4E9021250F83300FAF784FBF3
:1085800010B16FF0030070BD01206071002070BD5C
:108590003444002010B5022810D20A4900EB4000F4
:1085A00001EBC00422794AB162792AB151F8300056
:1085B000FAF7F0FB00206071002010BD4FF0FF3093
:1085C00010BD00003444002000B5A3B0FEF7F0FE5B
:1085D00088216846F8F764F94FF4804000908003E2
:1085E0001E9002200121CDE901010A2103910721FA
:1085F000CDE904100690C00507906846FBF7C8F95E
:10860000002801D0F9F728FE23B000BD00487047CC
:108610002C450020154808B5816C41F001018164AA
:10862000806C002200F00100009005210B20FBF778
:1086300041F90B20FBF730F90E480D49016000218C
:1086400041608160C1608021016149004161890010
:1086500081612021C16109020162FAF78FFC0028C3
:1086600003D0BDE80840F9F7F7BD08BD001002408F
:10867000080002402C4500202DE9F04186B014216D
:108680006846F8F70DF92D4CE06C40F00400E0640A
:10869000E06C271500F004000097059001260025E6
:1086A000CDE90165DFF89880694640460395FAF701
:1086B00013FD002239464046FAF722FEA714009720
:1086C000CDE90165694640460395FAF705FD0022AC
:1086D00039464046FAF714FEE06C40F00200E064D0
:1086E000E06C184F00F00200059038200090CDE9B2
:1086F0000165694638460395FAF7EEFC00223821F9
:108700003846FAF7FDFDE06C40F00800E064E06CEC
:108710000D4C00F00800059004200090CDE90165A3
:10872000694620460395FAF7D7FC0022042120462B
:10873000FAF7E6FD06B0BDE8F08100000010024047
:108740000008004800040048000C004810B50A2842
:108750000BD2074951F830203AB101EBC0008188B3
:108760001046FAF7C8FD012800D0002010BD000017
:10877000A89A000870B586B004460A2814D20B4E99
:1087800056F83450002D0FD014216846F8F788F8B9
:1087900006EBC4006946808800900020019001200B
:1087A00002902846FAF798FC06B070BDA89A000817
:1087B00070B586B004460A2815D20C4E56F83450CF
:1087C000002D10D014216846F8F76AF806EBC400B3
:1087D000694680880090012001900020029003905B
:1087E0002846FAF779FC06B070BD0000A89A000888
:1087F00070B586B004460A2816D20C4E56F834508E
:10880000002D11D014216846F8F74AF806EBC40091
:10881000694680880090112001900120029000207C
:1088200003902846FAF758FC06B070BDA89A0008D5
:1088300030B40A2811D20A4B53F83040002C0CD027
:10884000012908D05FF0000203EBC00081882046B8
:1088500030BCFAF755BD0122F6E730BC7047000086
:10886000A89A0008012801D1FEF712B9704700004C
:108870003EB50128069C08D14FF0FF358DE8380041
:10888000024849000123FAF7F9FD3EBDD845002012
:108890007FB5012802D0002004B070BD00238DF800
:1088A0000C305D1E012403AB8DE8380003484900FD
:1088B0002346FAF7E3FD9DF80C00EDE7D8450020CC
:1088C0003FB583B04FF0FF3401280AD106AD012334
:1088D0000095CDE9013404484900FAF785FE0028E7
:1088E00000D0204607B030BDD845002010B502208A
:1088F000FFF77EFF00210220FFF79AFF062000F01D
:10890000B3F80220FFF736FF092000F0ADF802208F
:10891000FFF71CFF0446372000F0A6F8204610BDE4
:1089200070B5002425466408FFF7E0FF08B144F065
:1089300080046D1CEDB2082DF5D3204670BD10B536
:108940000220FFF755FF00210220FFF771FF4FF4CF
:10895000F07000F089F80220FFF70CFF462000F0CD
:1089600083F80220FFF7F2FE04464FF4CD7000F0CA
:108970007BF814B14FF0FF3010BD002010BD10B5D2
:1089800004460220FFF734FF00210220FFF750FFCA
:108990003CB1062000F068F80220FFF7EBFE402013
:1089A00006E03C2000F060F80220FFF7E3FE0A201A
:1089B000BDE8104000F058B870B505465FF00004FF
:1089C00005F00100FFF7DBFF641C6D08E4B2082C22
:1089D000F6D370BD012801D1FEF7DEBA7047000062
:1089E00038B51C46012807D107484FF0FF3322B1A4
:1089F00000932346FBF7CAFE38BD01B02246BDE80E
:108A00003040FBF7F9BD00007445002040B101285B
:108A100009D002280AD003280BD10648FCF7B2B8C7
:108A20000448E438FAE703489838F7E701484C3837
:108A3000F4E770474843002040B1012809D00228DC
:108A40000AD003280BD10648FCF718B90448E438CB
:108A5000FAE703489838F7E701484C38F4E77047DD
:108A600048430020FAF726BB114A10B51149136894
:108A70007BB90B68DB0708D10F4B1C6844F080748E
:108A80001C600B6843F001030B6000234B60012363
:108A900013604A68094B0A4C1B68B3FBF4F3434369
:108AA00000E000BF4868801A9842FAD310BD000069
:108AB00084000020001000E0FCED00E00C0000202D
:108AC00040420F0000487047644200200048704751
:108AD000B042002000487047FC42002010B500283A
:108AE00010D100210848FCF7B7FA08B1F9F7B4FB38
:108AF00004210548FCF7B0FA002803D0BDE8104077
:108B0000F9F7AABB10BD00006442002010B5002890
:108B100009D100210448FCF739FBBDE810400421CD
:108B20000148FCF733BB10BD6442002010B5FEF7CE
:108B300079FCFEF7BBFCBDE81040FEF7EBBC000083
:108B400000487047AC43002010B503280AD2012822
:108B500008D10846FEF710FD0348A0F1180188600F
:108B60000120087310BD0000AC43002030B403287E
:108B700010D2094B03EBC0042479002C0AD0002941
:108B800008D0002A06D053F8300030BC4FF0FF3335
:108B9000FCF7E0BD30BC70479443002004484178A6
:108BA000491CC9B24170032901D3022101707047E9
:108BB0008800002010B500B9012000F0C1FC0020A1
:108BC00010BD10B500F0E2FC002010BD7FB50D46D1
:108BD00004464169B0F9080081B1A16971B1FFF79C
:108BE00068FCD4E905128DE80700D4E900102B4693
:108BF000226900F00BFE039004B070BDFFF759FC32
:108C000003A9CDE90001208A2B4682B2D4E90010E5
:108C100000F0CCFD012801D00020EDE70398EBE740
:108C2000002805D00178407801F00F0161F31F1092
:108C30007047F0B504004FF6FF7017D0002241F2E4
:108C40002105064610E0A35C80EA03200023070408
:108C500003D585EA400080B201E006EA40005B1CD3
:108C6000DBB2082BF3D3521C8A42ECD3F0BDFE22B8
:108C700048B1FE280AD0FF2802D0087001207047B2
:108C80000A70012004E00A70022001E00A7003204B
:108C90004870022070472DE9F04794B09A460E467E
:108CA0000500144675D0002C73D0BAF1000F70D0B7
:108CB00020780F2802D860780F2803D9082014B034
:108CC000BDE8F0876079202801D90920F7E7104630
:108CD000FFF7A6FF8DF800006A46A01C00F072F8AE
:108CE0008DF8010020798DF8020060798DF803007D
:108CF0000421002005E02318401C9B795354C0B286
:108D0000491C63798342F6D86846FFF792FF814693
:108D1000002E3ED9FF202870012E3AD92046FFF7B9
:108D20007FFF6870022E34D9A01C00F04BF8A870A9
:108D3000032E2ED92079E870042E2AD96079287163
:108D4000052700200CE0B81CB04222D804EB080034
:108D5000E9198079FFF78BFF074408F10100C0B2E1
:108D6000617980464145EED8B91C09F0FF004FEA11
:108D70001928B1420DD8E919FFF779FFC419A01CD1
:108D8000B04206D829194046FFF771FF2044B0428F
:108D900001D30A2093E700212954401CCAF800009F
:108DA00008468CE70649002200F00F000A70A1F87F
:108DB000522081F87A2081F87B001046704700002D
:108DC000C44A0020002804D00178407861F31F10C5
:108DD000C0B270472DE9F041184C0F460546E668D1
:108DE0002068001D00F062FA38B9206890F82C1055
:108DF00001208840216981432161681C07D137B176
:108E00002168BDE8F0410E48091D00F096BA2068BF
:108E10003544B5424560216805D2A06BBDE8F041FC
:108E2000091D00F072BA606B091D00F06EFAA06AAD
:108E3000854200D2A562BDE8F0810000100000204C
:108E4000500600202DE9F041054600F083FA2E4C33
:108E5000A068401CA06020682C4F10B1606940B32E
:108E60002DE02560A068012829D1002606EB8600A8
:108E700007EB800000F03BFA761C082EF6D323485F
:108E8000A03000F034FA2148B43000F030FA1F4826
:108E9000C83000F02CFA1D48DC3000F028FA1B48DE
:108EA000F03000F024FA1948A03060631430A06359
:108EB00005E02068E96AC06A884200D82560606AD7
:108EC000401C6062E96A01202269884010432061E9
:108ED00001EB810007EB8000291D00F02EFA00F065
:108EE00059FA606900280CD02068E96AC06A884293
:108EF00007D207494FF080500860BFF34F8FBFF390
:108F00006F8FBDE8F0810000100000206005002098
:108F100004ED00E010B5044690F8510058B1012866
:108F20000CD002280FD0502080F31188BFF34F8F50
:108F3000BFF36F8FFEE7206B00F040FA2046BDE8DC
:108F4000104000F03BBA10BD0A4800210269012A16
:108F500000D901210268D26A0AB100207047064A8E
:108F60001268012AF9D80029F7D1816AC068081A65
:108F700070470000100000206005002010484FF4EA
:108F80007051420706D0C01D0D4920F00700411A5C
:108F9000C1F570510B4A00230144C2E900030839AE
:108FA000183A21F0070111604B600B600B1AC0E901
:108FB000001393604FF00040536050617047000011
:108FC0006406002064000020204C214E12E000BF07
:108FD00000F0C0F9F068C568281D00F067F9A068C6
:108FE000401EA0606068401E606000F0D3F9284613
:108FF000FFF790FF60680028EAD11548DC38006868
:10900000012807D913494FF080500860BFF34F8FF4
:10901000BFF36F8FFFF798FF0228D6D300F000FB55
:10902000A06AE168884207D2502080F31188BFF31C
:109030004F8FBFF36F8FFEE7FFF786FF022801D344
:1090400000F012FA00F074FCBFE7000010000020EE
:109050003C06002004ED00E02DE9F05F8846DDE9E4
:109060000B941546834691009A460A9EA522206BD2
:10907000F7F70EFC6FF00301206B01EB850108444C
:1090800020F00707780707D0502080F31188BFF33E
:109090004F8FBFF36F8FFEE70025B8F1000F0FD0A1
:1090A0005FF00000221818F8001082F8341018F849
:1090B000001011B1401C1028F4D384F8435001E093
:1090C00084F83450082E00D30726E662C4E91165FF
:1090D000201D00F017F904F1180000F013F92461C5
:1090E000C6F108006462A061E56484F850505246FD
:1090F0005946384600F0C4F82060B9F1000F01D09D
:10910000C9F8004000F000B830BCBDE8C09F0000C6
:1091100030B5114900E011460A688242FBD34B6822
:109120005C18844203D1406818444860084643688C
:109130001C18944209D1084C183C2468A24209D05A
:1091400052681A4442600A6812680260814200D084
:10915000086030BD0460F9E7640000200648416BF8
:10916000096829B1416BC968C9684968816270475B
:109170004FF0FF31FAE70000100000200848406877
:10918000401C4FF0500080F3118804D0BFF34F8F84
:10919000BFF36F8FFEE7BFF34F8FBFF36F8FFEE715
:1091A0006C0000202DE9F0410546002700F038FA58
:1091B000324E306808B9FFF7E1FE706905424ED1C2
:1091C000C5B3083568070ED005F00700C0F10800E8
:1091D0000544680707D0502080F31188BFF34F8FF4
:1091E000BFF36F8FFEE72DB37068854237D82348F1
:1091F000183001460C6801E020460C466168A9421F
:1092000002D221680029F7D131688C4227D0076843
:109210002168016060680837411B10290FD9601967
:10922000420708D0502080F31188BFF34F8FBFF35F
:109230006F8FFEE713E041606560FFF769FF6168CB
:109240007068401A7060B268904200D2B060706975
:1092500001430020C4E90001F068401CF06000F008
:1092600067FB780707D0502080F31188BFF34F8F3A
:10927000BFF36F8FFEE73846BDE8F0814C00002059
:1092800010B5031F4FF080741C601B1F21F00101FB
:109290001960191F044B0B6014390A60091F6FF025
:1092A000020244380A6010BD7D910008D0E9013205
:1092B00001699A60D0E901235A604A68824201D16B
:1092C00082684A60002202610868401E08600868DF
:1092D00070470000044B036003F1540008604FF432
:1092E0008070106070470000C0000020704700F1DF
:1092F00008014FF0FF32C0E90112C1600161002195
:109300000160704700210161704730B50B685A1C3D
:1093100002D000F1080202E0026904E0224654682B
:1093200025689D42FAD953684B6099608A60516004
:1093300008610168491C016030BD42684A60936859
:109340008B6093685960916008610168491C0160F5
:1093500070470000502080F31188BFF34F8FBFF398
:109360006F8F0A494868401C486001280CD10848A2
:10937000006810F0FF0F07D0502080F31188BFF372
:109380004F8FBFF36F8FFEE7704700006C00002027
:1093900004ED00E00849486828B1401E486001D14A
:1093A00080F311887047502080F31188BFF34F8FEE
:1093B000BFF36F8FFEE700006C00002070B500283F
:1093C0002AD0164DA0F1080460686969084207D1E7
:1093D000502080F31188BFF34F8FBFF36F8FFEE7EC
:1093E00022683AB1502080F31188BFF34F8FBFF34A
:1093F0006F8FFEE78843606000F012F9606869686B
:10940000084468602046FFF783FE2869401C2861F5
:10941000BDE8704000F08CBA70BD00004C00002028
:109420000F4810B501684FF47A72B1FBF2F30D48A2
:109430006FF07F448360B4FBF3F3C360B1FBF1F3DF
:109440002D24B4FBF3F303614FF0E020002303610C
:109450008361B1FBF2F1491E41610721016110BD39
:109460000C0000206C0000202DE9F041334E054631
:10947000F068854200D905464FF0E024206920F0CD
:1094800001002061A169B268681E02FB0017306903
:10949000874200D93F1A72B6BFF34F8FBFF36F8F69
:1094A000FEF7E0FF58B367614FF00008C4F818807A
:1094B000206940F0010020612846FCF782FB284625
:1094C000FCF77EFB62B6BFF34F8FBFF36F8F72B6B0
:1094D000BFF34F8FBFF36F8F062020612069C00359
:1094E00014D5A069B168381A081A3269401E904232
:1094F00001D3884200D9481E6061681E10E0A0694F
:109500006061206940F00100206111E0B268A0694B
:109510005543291AB1FBF2F0431C5343591A6161B8
:10952000C4F81880216941F00101216100F064F85C
:10953000B068401E606162B6BDE8F0816C0000203A
:1095400010B5020014D00F48006B38B1502080F3E2
:109550001188BFF34F8FBFF36F8FFEE700F060F805
:1095600000211046FFF736FC00F0E2F9002807D191
:1095700005494FF080500860BFF34F8FBFF36F8FE6
:1095800010BD00001000002004ED00E010B586B012
:109590000024039405AA04A903A80494FFF79AFEE3
:1095A000DDE903010094CDE9011000230EA110486C
:1095B000059A00F02BF90F490028C86211D05020FD
:1095C00080F31188BFF34F8FBFF36F8F4FF0FF30E1
:1095D000886201204861CC6006B0BDE8104000F010
:1095E0006BB806B010BD000049444C4500000000B7
:1095F000C98F0008100000200849CA688B6A02441D
:109600009A4207D9502080F31188BFF34F8FBFF3E0
:109610006F8FFEE7CA681044C860704710000020D2
:109620000248016B491C01637047000010000020D4
:1096300010B51F4C206B10B10120E06110BD00205F
:10964000E06120684FF0A531006B02688A4208D1C2
:1096500042688A4205D182688A4202D1C068884243
:1096600004D0216820683431FFF740FE2069114999
:10967000B0FA80F0C0F11F0000EB800051F820200C
:109680006AB101EB800000F108024168496841605D
:10969000914201D149684160C868206010BD5020E6
:1096A00080F31188BFF34F8FBFF36F8FFEE7000089
:1096B00010000020600500201CB537480168374ABB
:1096C000914207D1502080F31188BFF34F8FBFF331
:1096D0006F8FFEE700683149491E884207D150204C
:1096E00080F31188BFF34F8FBFF36F8FFEE72C49D4
:1096F00008780190FF20087008788DF800009DF828
:1097000000009DF8002000F0F000904207D05020AB
:1097100080F31188BFF34F8FBFF36F8FFEE79DF883
:109720000000204C00F0500020700720606105E030
:109730009DF8002052008DF80020401E9DF800206A
:109740001206F5D46061032807D0502080F31188F9
:10975000BFF34F8FBFF36F8FFEE74FF44070606130
:10976000019808700C482030016841F470010160D4
:10977000016841F070410160FFF752FE0020606017
:10978000F6F7CCFD0848016841F040410160F6F76A
:10979000B1FD00201CBD000000ED00E071C20F41D2
:1097A00000E400E06C00002034EF00E02DE9FF5FF2
:1097B0008346DDE90E87994616468A469000FFF7F4
:1097C000F1FC05001CD05420FFF7ECFC040014D081
:1097D0000020256384F85100CDE90240CDE90087DF
:1097E0004B46324651465846FFF736FC2046FFF7B7
:1097F00029FB012004B000F006B82846FFF7DEFD83
:109800004FF0FF30F6E730BCBDE8C09FF0B585B043
:10981000DDE90B640A9DA6B1DCB1542700972663ED
:10982000022684F85160002604AFCDE90246CDE956
:109830000057FFF711FC2046FFF704FB049805B022
:10984000F0BD502080F31188BFF34F8FBFF36F8FAF
:10985000FEE7502080F31188BFF34F8FBFF36F8F67
:10986000FEE700002DE9F0412F4C0026206B28B1C7
:10987000A069401CA0613046BDE8F081E5686D1C20
:10988000E56013D1606B006838B1502080F3118817
:10989000BFF34F8FBFF36F8FFEE7606BA16B616308
:1098A000A063206A401C2062FFF758FCA06ADFF822
:1098B0007C80854209D3606B0068A0B1606BC06892
:1098C000C7687868854211D2A0622068C06A00EB40
:1098D000800158F82100012800D90126E0690028FC
:1098E000C9D00126C7E74FF0FF30EDE7381DFFF77D
:1098F000DDFCB86A18B107F11800FFF7D7FCF96A68
:109900000120226988401043206101EB810108EBAE
:109910008100391DFFF711FDF86A2168C96A884284
:10992000C9D30126C7E70000100000206005002011
:109930002DE9F0472C4D00242746286B38B1FFF75E
:1099400009FD286B401E2863286B40B146E050207B
:1099500080F31188BFF34F8FBFF36F8FFEE7A968C5
:10996000224E0120D1B3A6F1C80980463068E8B183
:10997000F068C46804F11800FFF798FC201DFFF799
:1099800095FCE06A2A6908FA00F11143296100EBAD
:10999000800109EB8100211DFFF7CFFCE06A2968F7
:1099A000C96A8842E2D3C5F81C80DFE70CB1FFF733
:1099B000D5FBAC6944B14646FFF754FF00B1EE61F8
:1099C000641EF9D10020A861E86938B1084901276F
:1099D00038070860BFF34F8FBFF36F8FFFF7DAFCD4
:1099E0003846BDE8F087000010000020280600205F
:1099F00004ED00E010B500290AD00878002807D04F
:109A000005487844F7F7A8FE002801D0002010BDD3
:109A10000248784410BD00001E0300001603000039
:109A200010B500290AD00878002807D005487844E6
:109A3000F7F792FE002801D0002010BD02487844BC
:109A400010BD00000E030000060300004FF0407040
:109A5000E1EE100A7047F7F79DBAF7F7D5BB0000A3
:109A600000000000000000000102030406070809CE
:109A7000A0860100400D0300801A060000350C008E
:109A800040420F0080841E0000093D0000127A0051
:109A90000024F40000366E010048E801006CDC028E
:109AA0000000000001020304000000480010000054
:109AB000000000000000000000000048040000005A
:109AC00000040048200000000004004810000000CE
:109AD0000004004808000000000C004804000000DA
:109AE00000080048001000000008004810000000B6
:109AF0000008004800040000F89C00089584000855
:109B000000000000010000008001000000000000D3
:109B100000000000F89C0008F89A0008BC00002033
:109B2000F96A0008816B0008E96B0008F369000816
:109B3000F1690008EF6900088D6A0008ED69000806
:109B40000000000000000000000000000000000015
:109B50000000000000000000000000000000000005
:109B60008F6A00080000000000000000E96F000894
:109B7000DD7000089170000809710008617000082C
:109B80001570000849710008FF6F00085F71000838
:109B90009D72000835720008D97200081972000819
:109BA000657100086D730008617100080400000809
:109BB0000000000000000002000100001000000092
:109BC00000000000000000003031323334353637F9
:109BD00038394142434445464030580030313233F1
:109BE00034353637383961626364656640307800F1
:109BF0003031323334353637383961626364656603
:109C00007870003031323334353637383941424399
:109C1000444546585000000002400000000000A0EB
:109C20000000000005400000000000C80000000027
:109C30000C4000000000409C0000000019400000A3
:109C40000020BCBE0000000034400000BFC91B8ED5
:109C500000000004B5400000504BCFD06607E2CFB3
:109C6000010000006C4100003E8251AADFEEA734E3
:109C700001000000D9420000DCB5A0E23A301F9795
:109C8000FFFFFFFFB4450000FD25A0C8E9A3C14FB9
:109C9000FFFFFFFFFF3F000000000080000000000A
:109CA000FF3F000000000080000000005B414443D3
:109CB0005F52494E474255465D20696E6974204F98
:109CC0004B20286877206E6F7420737461727465FE
:109CD000642C2075736520656E61626C652829208F
:109CE000746F2073746172742073616D706C696E2F
:109CF00067290D0A0000000053656E736F72000043
:109D00004C9E000800000020C0000000C4010008B4
:109D10000C9F0008C000002010520000E001000865
:109D20001C00000043000000F8FFFFFF0C000000D3
:109D30000E0000000F0000002E00000010010000C7
:109D400043000000F8FFFFFF00404040404040401B
:109D500040404141414141404040404040404040FE
:109D600040404040404040404005020202020202A2
:109D700002020202020202020220202020202020F1
:109D80002020200202020202020290909090909005
:109D900010101010101010101010101010101010C3
:109DA0001010101002020202020288888888888837
:109DB0000808080808080808080808080808080823
:109DC000080808080202020240000000000000002B
:109DD0000000000000000000000000000000000083
:109DE0000000000000000000000000000000000073
:109DF0000000000000000000000000000000000063
:109E00000000000000000000000000000000000052
:109E10000000000000000000000000000000000042
:109E20000000000000000000000000000000000032
:109E30000000000000000000000000000000000022
:109E40000000000000000000000000000100000011
:109E5000100000000000000000093D0000000000AC
:109E600000000000000000000000000000000000F2
:109E700000000000000000000000000000000000E2
:109E800000000000000000000000000000000000D2
:109E900000000000000000000000000000000000C2
:109EA00000000000000000000000000000000000B2
:109EB000000000000000000000000000AAAAAAAAFA
:109EC0000000000000000000000000000000000092
:109ED0000000000000000000000000000100000081
:109EE00000760000000000000000000000000000FC
:109EF0000000000000000000000000000000FF0063
:0C9F000000000000000000000000000055
:040000050800018965
:00000001FF
